Workbook

Sheet Exec Summary
A1: DMT Stormwater Resilience - Exec Summary
A2: Region | B2: Al Ain
A3: Configurable deadline
B4: Deadline_Date >> | C4: =DATE(2027,2,14) -> 46432
A6: SLIDE 1 - Region Overview
A7: Overview & Criticality
A8: Metric | B8: Count | C8: % of total
A9: Total stormwater hotspots | B9: =COUNTIF(Analysis!$A$4:$A$603,">0") -> 184
A10: Very high | B10: =SUMPRODUCT((UPPER(TRIM(Analysis!$F$4:$F$603))="VERY HIGH")*1) -> 89 | C10: =IF($B$9=0,0,B10/$B$9) -> 0.48369565
A11: High | B11: =SUMPRODUCT((UPPER(TRIM(Analysis!$F$4:$F$603))="HIGH")*1) -> 60 | C11: =IF($B$9=0,0,B11/$B$9) -> 0.32608696
A12: Medium | B12: =SUMPRODUCT((UPPER(TRIM(Analysis!$F$4:$F$603))="MEDIUM")*1) -> 32 | C12: =IF($B$9=0,0,B12/$B$9) -> 0.17391304
A13: Low | B13: =SUMPRODUCT((UPPER(TRIM(Analysis!$F$4:$F$603))="LOW")*1) -> 3 | C13: =IF($B$9=0,0,B13/$B$9) -> 0.016304348
A14: Highly critical (Very High + High) | B14: =(COUNTIF(Analysis!$F$4:$F$603,"Very High*")+COUNTIF(Analysis!$F$4:$F$603,"High*")) -> 149 | C14: =IF($B$9=0,0,B14/$B$9) -> 0.80978261
A15: Critical (Medium + Low) | B15: =(COUNTIF(Analysis!$F$4:$F$603,"Medium*")+COUNTIF(Analysis!$F$4:$F$603,"Low*")) -> 35 | C15: =IF($B$9=0,0,B15/$B$9) -> 0.19021739
A17: Coverage (who owns the hotspot area)
A18: Coverage | B18: Count | C18: % of total
A19: Covered by Municipality (developer blank/No) | B19: =COUNTIF(Analysis!$BG$4:$BG$603,FALSE()) -> 0 | C19: =IF(COUNTIF(Analysis!$A$4:$A$603,">0")=0,0,B19/COUNTIF(Analysis!$A$4:$A$603,">0")) -> 0
A20: Covered by Private Entities / Developers | B20: =COUNTIF(Analysis!$BG$4:$BG$603,TRUE()) -> 184 | C20: =IF(COUNTIF(Analysis!$A$4:$A$603,">0")=0,0,B20/COUNTIF(Analysis!$A$4:$A$603,">0")) -> 1
A22: Root cause
A23: Root cause | B23: Count | C23: % of total
A24: Topography & Road Engineering | B24: =COUNTIF(Analysis!$BH$4:$BH$603,"Topography & Road Engineering") -> 11 | C24: =IF(COUNTIF(Analysis!$A$4:$A$603,">0")=0,0,B24/COUNTIF(Analysis!$A$4:$A$603,">0")) -> 0.059782609
A25: Inadequate Design Capacity | B25: =COUNTIF(Analysis!$BH$4:$BH$603,"Inadequate Design Capacity") -> 139 | C25: =IF(COUNTIF(Analysis!$A$4:$A$603,">0")=0,0,B25/COUNTIF(Analysis!$A$4:$A$603,">0")) -> 0.75543478
A26: Absence of Drainage Network | B26: =COUNTIF(Analysis!$BH$4:$BH$603,"Absence of Drainage Network") -> 34 | C26: =IF(COUNTIF(Analysis!$A$4:$A$603,">0")=0,0,B26/COUNTIF(Analysis!$A$4:$A$603,">0")) -> 0.18478261
A27: Unmapped / CHECK | B27: =COUNTIF(Analysis!$BH$4:$BH$603,"CHECK - map manually") -> 0 | C27: =IF(COUNTIF(Analysis!$A$4:$A$603,">0")=0,0,B27/COUNTIF(Analysis!$A$4:$A$603,">0")) -> 0
A29: Other Metrics
A30: Metric | B30: Count
A31: On existing stormwater network (Yes) | B31: =COUNTIF(Analysis!$I$4:$I$603,"Yes") -> 139
A32: Not on network (No) | B32: =COUNTIF(Analysis!$I$4:$I$603,"No") -> 45
A33: Duplicate Hotspot IDs (should be 0) | B33: =SUMPRODUCT((Analysis!$A$4:$A$603<>"")*(COUNTIF(Analysis!$A$4:$A$603,Analysis!$A$4:$A$603)>1)) -> 0
A34: ADM/IDD pond-scope overlaps flagged | B34: =SUMPRODUCT((Analysis!$A$4:$A$603<>"")*(Analysis!$AE$4:$AE$603>0)*((ISNUMBER(SEARCH("pond",(Analysis!$AN$4:$AN$603&" "&Analysis!$AO$4:$AO$603)))+ISNUMBER(SEARCH("retention",(Analysis!$AN$4:$AN$603&" "&Analysis!$AO$4:$AO$603)))+ISNUMBER(SEARCH("detention",(Analysis!$AN$4:$AN$603&" "&Analysis!$AO$4:$AO$603))))>0)) -> 0
A36: SLIDE 2 - Municipality Emergency Response Plan
A37: AAM Daily Rate
A38: Metric | B38: Highly Critical | C38: Critical | D38: Total
A39: Hotspots covered | B39: =(COUNTIF(Analysis!$F$4:$F$603,"Very High*")+COUNTIF(Analysis!$F$4:$F$603,"High*")) -> 149 | C39: =(COUNTIF(Analysis!$F$4:$F$603,"Medium*")+COUNTIF(Analysis!$F$4:$F$603,"Low*")) -> 35 | D39: =COUNTIF(Analysis!$A$4:$A$603,">0") -> 184
A40: Manpower (headcount) | B40: =(SUMIFS(Analysis!$L$4:$L$603,Analysis!$F$4:$F$603,"Very High*")+SUMIFS(Analysis!$L$4:$L$603,Analysis!$F$4:$F$603,"High*")) -> 0 | C40: =(SUMIFS(Analysis!$L$4:$L$603,Analysis!$F$4:$F$603,"Medium*")+SUMIFS(Analysis!$L$4:$L$603,Analysis!$F$4:$F$603,"Low*")) -> 0 | D40: =SUM(Analysis!$L$4:$L$603) -> 0
A41: Pumps (qty) | B41: =(SUMIFS(Analysis!$P$4:$P$603,Analysis!$F$4:$F$603,"Very High*")+SUMIFS(Analysis!$P$4:$P$603,Analysis!$F$4:$F$603,"High*")) -> 35 | C41: =(SUMIFS(Analysis!$P$4:$P$603,Analysis!$F$4:$F$603,"Medium*")+SUMIFS(Analysis!$P$4:$P$603,Analysis!$F$4:$F$603,"Low*")) -> 12 | D41: =SUM(Analysis!$P$4:$P$603) -> 47 | E41: =D41+D43 -> 56
A42: Tankers (qty) | B42: =(SUMIFS(Analysis!$AA$4:$AA$603,Analysis!$F$4:$F$603,"Very High*")+SUMIFS(Analysis!$AA$4:$AA$603,Analysis!$F$4:$F$603,"High*")) -> 138 | C42: =(SUMIFS(Analysis!$AA$4:$AA$603,Analysis!$F$4:$F$603,"Medium*")+SUMIFS(Analysis!$AA$4:$AA$603,Analysis!$F$4:$F$603,"Low*")) -> 32 | D42: =SUM(Analysis!$AA$4:$AA$603) -> 170 | E42: =D42+D44 -> 190
A43: Additional pumps (qty) | B43: 9 | D43: 9
A44: Additional tankers (qty) | B44: 20 | D44: 20
A45: Manpower budget (AED) | B45: =(SUMIFS(Analysis!$O$4:$O$603,Analysis!$F$4:$F$603,"Very High*")+SUMIFS(Analysis!$O$4:$O$603,Analysis!$F$4:$F$603,"High*")) -> 0 | C45: =(SUMIFS(Analysis!$O$4:$O$603,Analysis!$F$4:$F$603,"Medium*")+SUMIFS(Analysis!$O$4:$O$603,Analysis!$F$4:$F$603,"Low*")) -> 0 | D45: =SUM(Analysis!$O$4:$O$603) -> 0
A46: Pumps budget (AED) | B46: =(SUMIFS(Analysis!$Z$4:$Z$603,Analysis!$F$4:$F$603,"Very High*")+SUMIFS(Analysis!$Z$4:$Z$603,Analysis!$F$4:$F$603,"High*")) -> 175000 | C46: =(SUMIFS(Analysis!$Z$4:$Z$603,Analysis!$F$4:$F$603,"Medium*")+SUMIFS(Analysis!$Z$4:$Z$603,Analysis!$F$4:$F$603,"Low*")) -> 60000 | D46: =SUM(Analysis!$Z$4:$Z$603) -> 235000
A47: Tankers budget (AED) | B47: =(SUMIFS(Analysis!$AB$4:$AB$603,Analysis!$F$4:$F$603,"Very High*")+SUMIFS(Analysis!$AB$4:$AB$603,Analysis!$F$4:$F$603,"High*")) -> 690000 | C47: =(SUMIFS(Analysis!$AB$4:$AB$603,Analysis!$F$4:$F$603,"Medium*")+SUMIFS(Analysis!$AB$4:$AB$603,Analysis!$F$4:$F$603,"Low*")) -> 160000 | D47: =SUM(Analysis!$AB$4:$AB$603) -> 850000
A48: Additional pumps (AED) | B48: =B43*5000 -> 45000 | D48: =B48 -> 45000 | E48: For palaces
A49: Additional tankers (AED) | B49: =B44*5000 -> 100000 | D49: =B49 -> 100000 | E49: For palaces
A50: Total emergency budget (AED) | B50: =SUM(B45:B47) -> 865000 | C50: =SUM(C45:C47) -> 220000 | D50: =D46+D47+D48+D49 -> 1230000
A52: Total Emergency Response Budget (10)
A53: Metric | D53: Total
A54: Manpower budget (AED)
A55: Pumps budget (AED) | D55: =(D46+D48)*10 -> 2800000
A56: Tankers budget (AED) | D56: =(D47+D49)*10 -> 9500000
A57: Total Emergency Response Budget (AED) | D57: =SUM(D54:D56) -> 12300000
A59: Emergency budget - private-development subset
A60: Metric | B60: Highly Critical | C60: Critical | D60: Total
A61: Hotspots (private dev) | B61: =(COUNTIFS(Analysis!$F$4:$F$603,"Very High*",Analysis!$BG$4:$BG$603,TRUE())+COUNTIFS(Analysis!$F$4:$F$603,"High*",Analysis!$BG$4:$BG$603,TRUE())) -> 149 | C61: =(COUNTIFS(Analysis!$F$4:$F$603,"Medium*",Analysis!$BG$4:$BG$603,TRUE())+COUNTIFS(Analysis!$F$4:$F$603,"Low*",Analysis!$BG$4:$BG$603,TRUE())) -> 35 | D61: =COUNTIF(Analysis!$BG$4:$BG$603,TRUE()) -> 184
A62: Emergency budget - private dev (AED) | B62: =((SUMIFS(Analysis!$O$4:$O$603,Analysis!$F$4:$F$603,"Very High*",Analysis!$BG$4:$BG$603,TRUE())+SUMIFS(Analysis!$O$4:$O$603,Analysis!$F$4:$F$603,"High*",Analysis!$BG$4:$BG$603,TRUE()))+(SUMIFS(Analysis!$Z$4:$Z$603,Analysis!$F$4:$F$603,"Very High*",Analysis!$BG$4:$BG$603,TRUE())+SUMIFS(Analysis!$Z$4:$Z$603,Analysis!$F$4:$F$603,"High*",Analysis!$BG$4:$BG$603,TRUE()))+(SUMIFS(Analysis!$AB$4:$AB$603,Analysis!$F$4:$F$603,"Very High*",Analysis!$BG$4:$BG$603,TRUE())+SUMIFS(Analysis!$AB$4:$AB$603,Analysis!$F$4:$F$603,"High*",Analysis!$BG$4:$BG$603,TRUE()))) -> 865000 | C62: =((SUMIFS(Analysis!$O$4:$O$603,Analysis!$F$4:$F$603,"Medium*",Analysis!$BG$4:$BG$603,TRUE())+SUMIFS(Analysis!$O$4:$O$603,Analysis!$F$4:$F$603,"Low*",Analysis!$BG$4:$BG$603,TRUE()))+(SUMIFS(Analysis!$Z$4:$Z$603,Analysis!$F$4:$F$603,"Medium*",Analysis!$BG$4:$BG$603,TRUE())+SUMIFS(Analysis!$Z$4:$Z$603,Analysis!$F$4:$F$603,"Low*",Analysis!$BG$4:$BG$603,TRUE()))+(SUMIFS(Analysis!$AB$4:$AB$603,Analysis!$F$4:$F$603,"Medium*",Analysis!$BG$4:$BG$603,TRUE())+SUMIFS(Analysis!$AB$4:$AB$603,Analysis!$F$4:$F$603,"Low*",Analysis!$BG$4:$BG$603,TRUE()))) -> 220000 | D62: =(SUMIFS(Analysis!$O$4:$O$603,Analysis!$BG$4:$BG$603,TRUE())+SUMIFS(Analysis!$Z$4:$Z$603,Analysis!$BG$4:$BG$603,TRUE())+SUMIFS(Analysis!$AB$4:$AB$603,Analysis!$BG$4:$BG$603,TRUE())) -> 1085000
A64: SLIDE 3 - IDD Intervention (CAPEX) Plan
A65: IDD-covered hotspots & CAPEX (IDD owner + at least one IDD field populated)
A66: Metric | B66: Highly Critical | C66: Critical | D66: Total
A67: IDD-covered hotspots | B67: =(COUNTIFS(Analysis!$BI$4:$BI$603,TRUE(),Analysis!$F$4:$F$603,"Very High*")+COUNTIFS(Analysis!$BI$4:$BI$603,TRUE(),Analysis!$F$4:$F$603,"High*")) -> 0 | C67: =(COUNTIFS(Analysis!$BI$4:$BI$603,TRUE(),Analysis!$F$4:$F$603,"Medium*")+COUNTIFS(Analysis!$BI$4:$BI$603,TRUE(),Analysis!$F$4:$F$603,"Low*")) -> 0 | D67: =COUNTIF(Analysis!$BI$4:$BI$603,TRUE()) -> 0
A68: IDD CAPEX budget (AED) | B68: =(SUMIFS(Analysis!$AR$4:$AR$603,Analysis!$F$4:$F$603,"Very High*")+SUMIFS(Analysis!$AR$4:$AR$603,Analysis!$F$4:$F$603,"High*")) -> 0 | C68: =(SUMIFS(Analysis!$AR$4:$AR$603,Analysis!$F$4:$F$603,"Medium*")+SUMIFS(Analysis!$AR$4:$AR$603,Analysis!$F$4:$F$603,"Low*")) -> 0 | D68: =SUM(Analysis!$AR$4:$AR$603) -> 0
A70: IDD CAPEX - private-development subset
A71: Metric | B71: Highly Critical | C71: Critical | D71: Total
A72: IDD hotspots (private dev) | B72: =(COUNTIFS(Analysis!$BI$4:$BI$603,TRUE(),Analysis!$BG$4:$BG$603,TRUE(),Analysis!$F$4:$F$603,"Very High*")+COUNTIFS(Analysis!$BI$4:$BI$603,TRUE(),Analysis!$BG$4:$BG$603,TRUE(),Analysis!$F$4:$F$603,"High*")) -> 0 | C72: =(COUNTIFS(Analysis!$BI$4:$BI$603,TRUE(),Analysis!$BG$4:$BG$603,TRUE(),Analysis!$F$4:$F$603,"Medium*")+COUNTIFS(Analysis!$BI$4:$BI$603,TRUE(),Analysis!$BG$4:$BG$603,TRUE(),Analysis!$F$4:$F$603,"Low*")) -> 0 | D72: =COUNTIFS(Analysis!$BI$4:$BI$603,TRUE(),Analysis!$BG$4:$BG$603,TRUE()) -> 0
A73: IDD CAPEX - private dev (AED) | B73: =(SUMIFS(Analysis!$AR$4:$AR$603,Analysis!$BG$4:$BG$603,TRUE(),Analysis!$F$4:$F$603,"Very High*")+SUMIFS(Analysis!$AR$4:$AR$603,Analysis!$BG$4:$BG$603,TRUE(),Analysis!$F$4:$F$603,"High*")) -> 0 | C73: =(SUMIFS(Analysis!$AR$4:$AR$603,Analysis!$BG$4:$BG$603,TRUE(),Analysis!$F$4:$F$603,"Medium*")+SUMIFS(Analysis!$AR$4:$AR$603,Analysis!$BG$4:$BG$603,TRUE(),Analysis!$F$4:$F$603,"Low*")) -> 0 | D73: =SUMIFS(Analysis!$AR$4:$AR$603,Analysis!$BG$4:$BG$603,TRUE()) -> 0
A75: SLIDE 4 - Budget for the Region (reference matrix)
A76: Region | B76: IDD Intervention (CAPEX) | D76: Municipality Emergency Response Plan | F76: Grand Total
B77: Highly Critical | C77: Critical | D77: Highly Critical | E77: Critical
A78: Abu Dhabi | B78: =N((COUNTIFS(Analysis!$BI$4:$BI$603,TRUE(),Analysis!$F$4:$F$603,"Very High*")+COUNTIFS(Analysis!$BI$4:$BI$603,TRUE(),Analysis!$F$4:$F$603,"High*")))&" hotspots"&CHAR(10)&"AED "&TEXT(((SUMIFS(Analysis!$AR$4:$AR$603,Analysis!$F$4:$F$603,"Very High*")+SUMIFS(Analysis!$AR$4:$AR$603,Analysis!$F$4:$F$603,"High*")))/1000000,"#,##0.0")&" m"&CHAR(10)&CHAR(10)&"("&N((COUNTIFS(Analysis!$BI$4:$BI$603,TRUE(),Analysis!$BG$4:$BG$603,TRUE(),Analysis!$F$4:$F$603,"Very High*")+COUNTIFS(Analysis!$BI$4:$BI$603,TRUE(),Analysis!$BG$4:$BG$603,TRUE(),Analysis!$F$4:$F$603,"High*")))&" in private dev, AED "&TEXT(((SUMIFS(Analysis!$AR$4:$AR$603,Analysis!$BG$4:$BG$603,TRUE(),Analysis!$F$4:$F$603,"Very High*")+SUMIFS(Analysis!$AR$4:$AR$603,Analysis!$BG$4:$BG$603,TRUE(),Analysis!$F$4:$F$603,"High*")))/1000000,"#,##0.0")&" m)" -> 0 hotspots AED 0.0 m (0 in private dev, AED 0.0 m) | C78: =N((COUNTIFS(Analysis!$BI$4:$BI$603,TRUE(),Analysis!$F$4:$F$603,"Medium*")+COUNTIFS(Analysis!$BI$4:$BI$603,TRUE(),Analysis!$F$4:$F$603,"Low*")))&" hotspots"&CHAR(10)&"AED "&TEXT(((SUMIFS(Analysis!$AR$4:$AR$603,Analysis!$F$4:$F$603,"Medium*")+SUMIFS(Analysis!$AR$4:$AR$603,Analysis!$F$4:$F$603,"Low*")))/1000000,"#,##0.0")&" m"&CHAR(10)&CHAR(10)&"("&N((COUNTIFS(Analysis!$BI$4:$BI$603,TRUE(),Analysis!$BG$4:$BG$603,TRUE(),Analysis!$F$4:$F$603,"Medium*")+COUNTIFS(Analysis!$BI$4:$BI$603,TRUE(),Analysis!$BG$4:$BG$603,TRUE(),Analysis!$F$4:$F$603,"Low*")))&" in private dev, AED "&TEXT(((SUMIFS(Analysis!$AR$4:$AR$603,Analysis!$BG$4:$BG$603,TRUE(),Analysis!$F$4:$F$603,"Medium*")+SUMIFS(Analysis!$AR$4:$AR$603,Analysis!$BG$4:$BG$603,TRUE(),Analysis!$F$4:$F$603,"Low*")))/1000000,"#,##0.0")&" m)" -> 0 hotspots AED 0.0 m (0 in private dev, AED 0.0 m) | D78: =N((COUNTIF(Analysis!$F$4:$F$603,"Very High*")+COUNTIF(Analysis!$F$4:$F$603,"High*")))&" hotspots"&CHAR(10)&"AED "&TEXT((((SUMIFS(Analysis!$O$4:$O$603,Analysis!$F$4:$F$603,"Very High*")+SUMIFS(Analysis!$O$4:$O$603,Analysis!$F$4:$F$603,"High*"))+(SUMIFS(Analysis!$Z$4:$Z$603,Analysis!$F$4:$F$603,"Very High*")+SUMIFS(Analysis!$Z$4:$Z$603,Analysis!$F$4:$F$603,"High*"))+(SUMIFS(Analysis!$AB$4:$AB$603,Analysis!$F$4:$F$603,"Very High*")+SUMIFS(Analysis!$AB$4:$AB$603,Analysis!$F$4:$F$603,"High*"))))/1000000,"#,##0.0")&" m"&CHAR(10)&CHAR(10)&"("&N((COUNTIFS(Analysis!$BG$4:$BG$603,TRUE(),Analysis!$F$4:$F$603,"Very High*")+COUNTIFS(Analysis!$BG$4:$BG$603,TRUE(),Analysis!$F$4:$F$603,"High*")))&" in private dev, AED "&TEXT((((SUMIFS(Analysis!$O$4:$O$603,Analysis!$BG$4:$BG$603,TRUE(),Analysis!$F$4:$F$603,"Very High*")+SUMIFS(Analysis!$O$4:$O$603,Analysis!$BG$4:$BG$603,TRUE(),Analysis!$F$4:$F$603,"High*"))+(SUMIFS(Analysis!$Z$4:$Z$603,Analysis!$BG$4:$BG$603,TRUE(),Analysis!$F$4:$F$603,"Very High*")+SUMIFS(Analysis!$Z$4:$Z$603,Analysis!$BG$4:$BG$603,TRUE(),Analysis!$F$4:$F$603,"High*"))+(SUMIFS(Analysis!$AB$4:$AB$603,Analysis!$BG$4:$BG$603,TRUE(),Analysis!$F$4:$F$603,"Very High*")+SUMIFS(Analysis!$AB$4:$AB$603,Analysis!$BG$4:$BG$603,TRUE(),Analysis!$F$4:$F$603,"High*"))))/1000000,"#,##0.0")&" m)" -> 149 hotspots AED 0.9 m (149 in private dev, AED 0.9 m) | E78: =N((COUNTIF(Analysis!$F$4:$F$603,"Medium*")+COUNTIF(Analysis!$F$4:$F$603,"Low*")))&" hotspots"&CHAR(10)&"AED "&TEXT((((SUMIFS(Analysis!$O$4:$O$603,Analysis!$F$4:$F$603,"Medium*")+SUMIFS(Analysis!$O$4:$O$603,Analysis!$F$4:$F$603,"Low*"))+(SUMIFS(Analysis!$Z$4:$Z$603,Analysis!$F$4:$F$603,"Medium*")+SUMIFS(Analysis!$Z$4:$Z$603,Analysis!$F$4:$F$603,"Low*"))+(SUMIFS(Analysis!$AB$4:$AB$603,Analysis!$F$4:$F$603,"Medium*")+SUMIFS(Analysis!$AB$4:$AB$603,Analysis!$F$4:$F$603,"Low*"))))/1000000,"#,##0.0")&" m"&CHAR(10)&CHAR(10)&"("&N((COUNTIFS(Analysis!$BG$4:$BG$603,TRUE(),Analysis!$F$4:$F$603,"Medium*")+COUNTIFS(Analysis!$BG$4:$BG$603,TRUE(),Analysis!$F$4:$F$603,"Low*")))&" in private dev, AED "&TEXT((((SUMIFS(Analysis!$O$4:$O$603,Analysis!$BG$4:$BG$603,TRUE(),Analysis!$F$4:$F$603,"Medium*")+SUMIFS(Analysis!$O$4:$O$603,Analysis!$BG$4:$BG$603,TRUE(),Analysis!$F$4:$F$603,"Low*"))+(SUMIFS(Analysis!$Z$4:$Z$603,Analysis!$BG$4:$BG$603,TRUE(),Analysis!$F$4:$F$603,"Medium*")+SUMIFS(Analysis!$Z$4:$Z$603,Analysis!$BG$4:$BG$603,TRUE(),Analysis!$F$4:$F$603,"Low*"))+(SUMIFS(Analysis!$AB$4:$AB$603,Analysis!$BG$4:$BG$603,TRUE(),Analysis!$F$4:$F$603,"Medium*")+SUMIFS(Analysis!$AB$4:$AB$603,Analysis!$BG$4:$BG$603,TRUE(),Analysis!$F$4:$F$603,"Low*"))))/1000000,"#,##0.0")&" m)" -> 35 hotspots AED 0.2 m (35 in private dev, AED 0.2 m) | F78: =N(COUNTIF(Analysis!$BI$4:$BI$603,TRUE())+COUNTIF(Analysis!$A$4:$A$603,">0"))&" hotspots"&CHAR(10)&"AED "&TEXT((SUM(Analysis!$AR$4:$AR$603)+(SUM(Analysis!$O$4:$O$603)+SUM(Analysis!$Z$4:$Z$603)+SUM(Analysis!$AB$4:$AB$603)))/1000000,"#,##0.0")&" m"&CHAR(10)&CHAR(10)&"("&N(COUNTIFS(Analysis!$BI$4:$BI$603,TRUE(),Analysis!$BG$4:$BG$603,TRUE())+COUNTIF(Analysis!$BG$4:$BG$603,TRUE()))&" in private dev, AED "&TEXT((SUMIFS(Analysis!$AR$4:$AR$603,Analysis!$BG$4:$BG$603,TRUE())+(SUMIFS(Analysis!$O$4:$O$603,Analysis!$BG$4:$BG$603,TRUE())+SUMIFS(Analysis!$Z$4:$Z$603,Analysis!$BG$4:$BG$603,TRUE())+SUMIFS(Analysis!$AB$4:$AB$603,Analysis!$BG$4:$BG$603,TRUE())))/1000000,"#,##0.0")&" m)" -> 184 hotspots AED 1.1 m (184 in private dev, AED 1.1 m)
A79: Total | B79: =N(COUNTIF(Analysis!$BI$4:$BI$603,TRUE()))&" hotspots"&CHAR(10)&"AED "&TEXT((SUM(Analysis!$AR$4:$AR$603))/1000000,"#,##0.0")&" m"&CHAR(10)&CHAR(10)&"("&N(COUNTIFS(Analysis!$BI$4:$BI$603,TRUE(),Analysis!$BG$4:$BG$603,TRUE()))&" in private dev, AED "&TEXT((SUMIFS(Analysis!$AR$4:$AR$603,Analysis!$BG$4:$BG$603,TRUE()))/1000000,"#,##0.0")&" m)" -> 0 hotspots AED 0.0 m (0 in private dev, AED 0.0 m) | D79: =N(COUNTIF(Analysis!$A$4:$A$603,">0"))&" hotspots"&CHAR(10)&"AED "&TEXT(((SUM(Analysis!$O$4:$O$603)+SUM(Analysis!$Z$4:$Z$603)+SUM(Analysis!$AB$4:$AB$603)))/1000000,"#,##0.0")&" m"&CHAR(10)&CHAR(10)&"("&N(COUNTIF(Analysis!$BG$4:$BG$603,TRUE()))&" in private dev, AED "&TEXT(((SUMIFS(Analysis!$O$4:$O$603,Analysis!$BG$4:$BG$603,TRUE())+SUMIFS(Analysis!$Z$4:$Z$603,Analysis!$BG$4:$BG$603,TRUE())+SUMIFS(Analysis!$AB$4:$AB$603,Analysis!$BG$4:$BG$603,TRUE())))/1000000,"#,##0.0")&" m)" -> 184 hotspots AED 1.1 m (184 in private dev, AED 1.1 m) | F79: =N(COUNTIF(Analysis!$BI$4:$BI$603,TRUE())+COUNTIF(Analysis!$A$4:$A$603,">0"))&" hotspots"&CHAR(10)&"AED "&TEXT((SUM(Analysis!$AR$4:$AR$603)+(SUM(Analysis!$O$4:$O$603)+SUM(Analysis!$Z$4:$Z$603)+SUM(Analysis!$AB$4:$AB$603)))/1000000,"#,##0.0")&" m"&CHAR(10)&CHAR(10)&"("&N(COUNTIFS(Analysis!$BI$4:$BI$603,TRUE(),Analysis!$BG$4:$BG$603,TRUE())+COUNTIF(Analysis!$BG$4:$BG$603,TRUE()))&" in private dev, AED "&TEXT((SUMIFS(Analysis!$AR$4:$AR$603,Analysis!$BG$4:$BG$603,TRUE())+(SUMIFS(Analysis!$O$4:$O$603,Analysis!$BG$4:$BG$603,TRUE())+SUMIFS(Analysis!$Z$4:$Z$603,Analysis!$BG$4:$BG$603,TRUE())+SUMIFS(Analysis!$AB$4:$AB$603,Analysis!$BG$4:$BG$603,TRUE())))/1000000,"#,##0.0")&" m)" -> 184 hotspots AED 1.1 m (184 in private dev, AED 1.1 m)
A82: TIMELINE - Resolution vs Deadline_Date
A83: Hotspot counts by timeline status
A84: Timeline status | B84: Count | C84: % of total
A85: Resolved before Feb 2027 | B85: =COUNTIF(Analysis!$BK$4:$BK$603,"Resolved before Feb 2027") -> 0 | C85: =IF(COUNTIF(Analysis!$A$4:$A$603,">0")=0,0,B85/COUNTIF(Analysis!$A$4:$A$603,">0")) -> 0
A86: Resolved after Feb 2027 | B86: =COUNTIF(Analysis!$BK$4:$BK$603,"Resolved after Feb 2027") -> 0 | C86: =IF(COUNTIF(Analysis!$A$4:$A$603,">0")=0,0,B86/COUNTIF(Analysis!$A$4:$A$603,">0")) -> 0
A87: No specific plan | B87: =COUNTIF(Analysis!$BK$4:$BK$603,"No specific plan") -> 184 | C87: =IF(COUNTIF(Analysis!$A$4:$A$603,">0")=0,0,B87/COUNTIF(Analysis!$A$4:$A$603,">0")) -> 1
A88: CLIENT INPUT REQUIRED | B88: =COUNTIF(Analysis!$BK$4:$BK$603,"CLIENT INPUT REQUIRED") -> 0 | C88: =IF(COUNTIF(Analysis!$A$4:$A$603,">0")=0,0,B88/COUNTIF(Analysis!$A$4:$A$603,">0")) -> 0
A90: Filter-ready detail list
A91: Hotspot ID | B91: Area | C91: Location | D91: Criticality | E91: Private Dev? | F91: IDD Intervention | G91: Project Stage | H91: IDD Completion Date | I91: Timeline Status
A92: =IF(Analysis!A4="","",Analysis!A4) -> 1 | B92: =IF(Analysis!A4="","",Analysis!B4) -> Al Aamerah & Al Sad & Al Salamat | C92: =IF(Analysis!A4="","",Analysis!C4) -> Al Rifaa, Al Aamerah | D92: =IF(Analysis!A4="","",Analysis!F4) -> Very High | E92: =IF(Analysis!A4="","",Analysis!BG4) -> TRUE | F92: =IF(Analysis!A4="","",Analysis!AN4) -> Based on future design | G92: =IF(Analysis!A4="","",Analysis!BA4) -> future project | H92: =IF(Analysis!A4="","",Analysis!BJ4) -> CLIENT INPUT REQUIRED | I92: =IF(Analysis!A4="","",Analysis!BK4) -> No specific plan
A93: =IF(Analysis!A5="","",Analysis!A5) -> 2 | B93: =IF(Analysis!A5="","",Analysis!B5) -> Al Aamerah & Al Sad & Al Salamat | C93: =IF(Analysis!A5="","",Analysis!C5) -> 34 Ramlat Al Khadar St, Al Aamerah - Al Samar | D93: =IF(Analysis!A5="","",Analysis!F5) -> Very High | E93: =IF(Analysis!A5="","",Analysis!BG5) -> TRUE | F93: =IF(Analysis!A5="","",Analysis!AN5) -> Upgrade Network | G93: =IF(Analysis!A5="","",Analysis!BA5) -> Design phase | H93: =IF(Analysis!A5="","",Analysis!BJ5) -> 46722 | I93: =IF(Analysis!A5="","",Analysis!BK5) -> No specific plan
A94: =IF(Analysis!A6="","",Analysis!A6) -> 3 | B94: =IF(Analysis!A6="","",Analysis!B6) -> Al Aamerah & Al Sad & Al Salamat | C94: =IF(Analysis!A6="","",Analysis!C6) -> Al Samar, Al Aamerah | D94: =IF(Analysis!A6="","",Analysis!F6) -> Very High | E94: =IF(Analysis!A6="","",Analysis!BG6) -> TRUE | F94: =IF(Analysis!A6="","",Analysis!AN6) -> Upgrade Network | G94: =IF(Analysis!A6="","",Analysis!BA6) -> Design phase | H94: =IF(Analysis!A6="","",Analysis!BJ6) -> 46722 | I94: =IF(Analysis!A6="","",Analysis!BK6) -> No specific plan
A95: =IF(Analysis!A7="","",Analysis!A7) -> 4 | B95: =IF(Analysis!A7="","",Analysis!B7) -> Al Aamerah & Al Sad & Al Salamat | C95: =IF(Analysis!A7="","",Analysis!C7) -> Wadi Al Fayah St, Al Sad - Ramlat Al Saad | D95: =IF(Analysis!A7="","",Analysis!F7) -> Very High | E95: =IF(Analysis!A7="","",Analysis!BG7) -> TRUE | F95: =IF(Analysis!A7="","",Analysis!AN7) -> Based on future design | G95: =IF(Analysis!A7="","",Analysis!BA7) -> future project | H95: =IF(Analysis!A7="","",Analysis!BJ7) -> CLIENT INPUT REQUIRED | I95: =IF(Analysis!A7="","",Analysis!BK7) -> No specific plan
A96: =IF(Analysis!A8="","",Analysis!A8) -> 5 | B96: =IF(Analysis!A8="","",Analysis!B8) -> Al Aamerah & Al Sad & Al Salamat | C96: =IF(Analysis!A8="","",Analysis!C8) -> 28 An Nasr St, Al Salamat - Al Salamat 1 | D96: =IF(Analysis!A8="","",Analysis!F8) -> Very High | E96: =IF(Analysis!A8="","",Analysis!BG8) -> TRUE | F96: =IF(Analysis!A8="","",Analysis!AN8) -> Upgrade Network | G96: =IF(Analysis!A8="","",Analysis!BA8) -> Design phase | H96: =IF(Analysis!A8="","",Analysis!BJ8) -> 46722 | I96: =IF(Analysis!A8="","",Analysis!BK8) -> No specific plan
A97: =IF(Analysis!A9="","",Analysis!A9) -> 6 | B97: =IF(Analysis!A9="","",Analysis!B9) -> Al Arad | C97: =IF(Analysis!A9="","",Analysis!C9) -> Sayh Al ʹArad St, Al 'Arad - Al Arad 1 | D97: =IF(Analysis!A9="","",Analysis!F9) -> Medium | E97: =IF(Analysis!A9="","",Analysis!BG9) -> TRUE | F97: =IF(Analysis!A9="","",Analysis!AN9) -> Based on future design | G97: =IF(Analysis!A9="","",Analysis!BA9) -> future project | H97: =IF(Analysis!A9="","",Analysis!BJ9) -> CLIENT INPUT REQUIRED | I97: =IF(Analysis!A9="","",Analysis!BK9) -> No specific plan
A98: =IF(Analysis!A10="","",Analysis!A10) -> 7 | B98: =IF(Analysis!A10="","",Analysis!B10) -> Al Bateen | C98: =IF(Analysis!A10="","",Analysis!C10) -> Ghafat Al Shwaihi, Al Bateen | D98: =IF(Analysis!A10="","",Analysis!F10) -> Medium | E98: =IF(Analysis!A10="","",Analysis!BG10) -> TRUE | F98: =IF(Analysis!A10="","",Analysis!AN10) -> Upgrade Network | G98: =IF(Analysis!A10="","",Analysis!BA10) -> Implementation phase | H98: =IF(Analysis!A10="","",Analysis!BJ10) -> 46357 | I98: =IF(Analysis!A10="","",Analysis!BK10) -> No specific plan
A99: =IF(Analysis!A11="","",Analysis!A11) -> 8 | B99: =IF(Analysis!A11="","",Analysis!B11) -> Al Bateen | C99: =IF(Analysis!A11="","",Analysis!C11) -> Yaw Sablah St, Al Bateen - Ghafat Al Shwaihi | D99: =IF(Analysis!A11="","",Analysis!F11) -> Medium | E99: =IF(Analysis!A11="","",Analysis!BG11) -> TRUE | F99: =IF(Analysis!A11="","",Analysis!AN11) -> Based on Future Design | G99: =IF(Analysis!A11="","",Analysis!BA11) -> Design phase | H99: =IF(Analysis!A11="","",Analysis!BJ11) -> 46722 | I99: =IF(Analysis!A11="","",Analysis!BK11) -> No specific plan
A100: =IF(Analysis!A12="","",Analysis!A12) -> 9 | B100: =IF(Analysis!A12="","",Analysis!B12) -> Al Bateen | C100: =IF(Analysis!A12="","",Analysis!C12) -> Ghiyout Al Hidayri St, Al Bateen - Ghafat Al Shwaihi | D100: =IF(Analysis!A12="","",Analysis!F12) -> Medium | E100: =IF(Analysis!A12="","",Analysis!BG12) -> TRUE | F100: =IF(Analysis!A12="","",Analysis!AN12) -> Upgrade Network | G100: =IF(Analysis!A12="","",Analysis!BA12) -> Implementation phase | H100: =IF(Analysis!A12="","",Analysis!BJ12) -> 46357 | I100: =IF(Analysis!A12="","",Analysis!BK12) -> No specific plan
A101: =IF(Analysis!A13="","",Analysis!A13) -> 10 | B101: =IF(Analysis!A13="","",Analysis!B13) -> Al Dhahir & Mezyad & Um Ghafah | C101: =IF(Analysis!A13="","",Analysis!C13) -> Zayed Bin Sultan St, Al Dhahir - Dhaher 1 | D101: =IF(Analysis!A13="","",Analysis!F13) -> High | E101: =IF(Analysis!A13="","",Analysis!BG13) -> TRUE | F101: =IF(Analysis!A13="","",Analysis!AN13) -> Based on future design | G101: =IF(Analysis!A13="","",Analysis!BA13) -> future project | H101: =IF(Analysis!A13="","",Analysis!BJ13) -> CLIENT INPUT REQUIRED | I101: =IF(Analysis!A13="","",Analysis!BK13) -> No specific plan
A102: =IF(Analysis!A14="","",Analysis!A14) -> 11 | B102: =IF(Analysis!A14="","",Analysis!B14) -> Al Dhahir & Mezyad & Um Ghafah | C102: =IF(Analysis!A14="","",Analysis!C14) -> Al Barari Mall R/A, Dhaher 3, Al Dhahir | D102: =IF(Analysis!A14="","",Analysis!F14) -> High | E102: =IF(Analysis!A14="","",Analysis!BG14) -> TRUE | F102: =IF(Analysis!A14="","",Analysis!AN14) -> Based on future design | G102: =IF(Analysis!A14="","",Analysis!BA14) -> future project | H102: =IF(Analysis!A14="","",Analysis!BJ14) -> CLIENT INPUT REQUIRED | I102: =IF(Analysis!A14="","",Analysis!BK14) -> No specific plan
A103: =IF(Analysis!A15="","",Analysis!A15) -> 12 | B103: =IF(Analysis!A15="","",Analysis!B15) -> Al Dhahir & Mezyad & Um Ghafah | C103: =IF(Analysis!A15="","",Analysis!C15) -> Al Ain City Municipality – Customer Service Center, Mezyad | D103: =IF(Analysis!A15="","",Analysis!F15) -> High | E103: =IF(Analysis!A15="","",Analysis!BG15) -> TRUE | F103: =IF(Analysis!A15="","",Analysis!AN15) -> Based on future design | G103: =IF(Analysis!A15="","",Analysis!BA15) -> future project | H103: =IF(Analysis!A15="","",Analysis!BJ15) -> CLIENT INPUT REQUIRED | I103: =IF(Analysis!A15="","",Analysis!BK15) -> No specific plan
... A691: =IF(Analysis!A603="","",Analysis!A603) | B691: =IF(Analysis!A603="","",Analysis!B603) | C691: =IF(Analysis!A603="","",Analysis!C603) | D691: =IF(Analysis!A603="","",Analysis!F603) | E691: =IF(Analysis!A603="","",Analysis!BG603) | F691: =IF(Analysis!A603="","",Analysis!AN603) | G691: =IF(Analysis!A603="","",Analysis!BA603) | H691: =IF(Analysis!A603="","",Analysis!BJ603) | I691: =IF(Analysis!A603="","",Analysis!BK603)

Sheet Analysis
L1: Municipality Emergency Response Plan A For storm events up to a 1-in-10-year event: Very high Criticality hotspot: <2h | High criticality hotspot: <4h | Medium criticality hotspot: <10h | Low criticality hotspot: >10h | AG1: Municipality Emergency Response Plan B For storm events exceeding a 1-in-10-year event: Very high Criticality hotspot: <4h | High criticality hotspot: <6h | Medium criticality hotspot: <10h | Low criticality hotspot: >10h | AM1: IDD Intervention Plan
AM2: Select Yes or No | AN2: Select one: Critical Infrastructure, Detailed Design, Fast-Track, or Quick Win | AO2: Provide the primary solution such as inlet, pipe, Upgrade to Catchment , Pond / Spillway, etc | AP2: Select one: Permanent, Interim, or Temporary | AQ2: Please specify if additional budget is required for this hotspot (Yes/No) | AR2: Provide the requested budget for each applicable hotspot. If a single project spans multiple hotspots, list the budget only once under the primary hotspot. For all other covered hotspot entries, replace the budget with: "Included in Hotspot #X budget." | AS2: Provide the current rainfall design event, including the return period | AT2: Provide the existing network’s technical or hydraulic capacit | AU2: Provide the future or target rainfall design event, including the return period | AV2: Provide the future or target network capacity after the planned intervention | AW2: Provide the estimated floodwater volume managed by network after intervention | AX2: Provide the expected number of hours required for floodwater to recede after intervention | AY2: Revise the planned mobilization date | AZ2: Revise the planned completion date | BA2: Select one: Contractor Design phase, Parsons Verification Phase, IDAS Review Phase, Municipality Permitting Phase, Implementation phase, Hand Over Phase | BB2: Select Yes or No. Enter Yes only after formal approval has been issued. | BC2: Provide the actual mobilization date (only after actual mobilization) | BD2: Provide the actual completion date (only after actual completion) | BE2: Select one: Not Started, On Track, Delayed, or Completed | BF2: Provide the full name of the accountable IDD owner.
A3: Hotspot_ID | B3: Hotspot_Area | C3: Hotspot_Location | D3: Latitude | E3: Longitude | F3: Criticality | G3: Developer_Private_Area | H3: Developer Name | I3: Network_Available | J3: Root_Cause | K3: Root_Cause_Details | L3: Manpower_Qty | M3: Manpower Active-duty AED | N3: Manpower Standby AED | O3: Total Manpower_Budget_AED | P3: Pumps_Qty | Q3: Diesel Pump 12 inch Qty | R3: Diesel Pump 8 inch Qty | S3: Diesel Pump 6 inch Qty | T3: Diesel Pump 12 inch AED/Day | U3: Diesel Pump 8 inch AED/Day | V3: Diesel Pump 6 inch AED/Day | W3: Total Pump Daily Rate | X3: Total Pump Active Duty AED2 | Y3: Total Pump Standby AED | Z3: Pumps_Budget_AED | AA3: Tankers_Qty | AB3: Tankers_Budget_AED | AC3: Concrete_Barrier_AED | AD3: Sand_Barrier_AED | AE3: Detention_Ponds_AED | AF3: Collection_Chamber_AED | AG3: Manpower_Qty2 | AH3: Manpower_Budget_AED3 | AI3: Pumps_Qty4 | AJ3: Pumps_Budget_AED5 | AK3: Tankers_Qty6 | AL3: Tankers_Budget_AED7 | AM3: IDD Interventoin Planned | AN3: IDD_Design_Category | AO3: Design Solution | AP3: Type of Intervention | AQ3: Additional Budget Requirment | AR3: Additional Budget Requested | AS3: Hotspot Network Rain Design Event (Current) | AT3: Hotspot Network Design Technical Capacity (Current) | AU3: Hotspot Network Rain Design Event (Future) | AV3: Hotspot Network Design Technical Capacity (Future) | AW3: Flood Volume Capacity after Intervention | AX3: Associated recovery time after intervention | AY3: Planned_IDD_Mobilization_Date | AZ3: Planned_IDD_Completion_Date | BA3: Project Stage | BB3: Approval from IDAS secured (Yes/No) | BC3: Actual_Mobilization_Date | BD3: Actual_Completion_Date | BE3: Intervention status | BF3: IDD_Owner_Name | BG3: Is_Private_Developer | BH3: Root_Cause_Category | BI3: IDD_Covered | BJ3: IDD_Completion_Date2 | BK3: IDD_Timeline_Status
A4: 1 | B4: Al Aamerah & Al Sad & Al Salamat | C4: Al Rifaa, Al Aamerah | D4: 24.245658 | E4: 55.574298 | F4: Very High | G4: Applicable with (AACM) | I4: No | J4: Absence of Drainage Network | K4: the accumulated water will be removed by a tanker and discharged at the nearest pond or another disposal location | P4: 6 | Z4: 30000 | AA4: 30 | AB4: 150000 | AM4: No | AN4: Based on future design | AO4: Based on future design | AP4: Permenent | AQ4: No | AR4: - | AS4: No network | AT4: N/A | AU4: Based on future design | AV4: Based on future design | AW4: the information will be provided by end of next week | AX4: the information will be provided by end of next week | AY4: future project | AZ4: future project | BA4: future project | BB4: No | BC4: - | BD4: - | BE4: Not Started | BF4: AAI | BG4: =IF(A4="","",AND(TRIM(G4&"")<>"",UPPER(TRIM(G4&""))<>"NO")) -> TRUE | BH4: =IF(J4="","",IF(ISNUMBER(SEARCH("absen",J4)),"Absence of Drainage Network",IF(OR(ISNUMBER(SEARCH("design",J4)),ISNUMBER(SEARCH("capacity",J4))),"Inadequate Design Capacity",IF(OR(ISNUMBER(SEARCH("upgrade",J4)),ISNUMBER(SEARCH("network",J4)),ISNUMBER(SEARCH("topog",J4)),ISNUMBER(SEARCH("road",J4))),"Topography & Road Engineering","CHECK - map manually")))) -> Absence of Drainage Network | BI4: =IF(A4="","",AND(UPPER(TRIM(BF4&""))="IDD",OR(TRIM(AN4&"")<>"",TRIM(AY4&"")<>"",TRIM(AZ4&"")<>""))) -> FALSE | BJ4: =IF(A4="","",IF(ISNUMBER(AZ4),AZ4,"CLIENT INPUT REQUIRED")) -> CLIENT INPUT REQUIRED | BK4: =IF(A4="","",IF(BI4<>TRUE(),"No specific plan",IF(ISNUMBER(BJ4),IF(BJ4<'Exec Summary'!$C$4,"Resolved before Feb 2027","Resolved after Feb 2027"),"CLIENT INPUT REQUIRED"))) -> No specific plan
A5: 2 | B5: Al Aamerah & Al Sad & Al Salamat | C5: 34 Ramlat Al Khadar St, Al Aamerah - Al Samar | D5: 24.238327 | E5: 55.551995 | F5: Very High | G5: Applicable with (AACM) | I5: Yes | J5: Inadequate Design Capacity | K5: Existing or nearby drainage arrangements at 34 Ramlat Al Khadar St, Al Aamerah - Al Samar require pumping support during storm events, indicating insufficient conveyance/storage capacity for peak runoff. | AM5: Yes | AN5: Upgrade Network | AO5: Upgrade Network | AP5: Permenent | AQ5: No | AR5: - | AS5: 1:2 | AT5: 23mm depth for 24hr | AU5: 1:5 | AV5: 47mm depth for 24hr | AW5: the information will be provided by end of next week | AX5: the information will be provided by end of next week | AY5: 46327 | AZ5: 46722 | BA5: Design phase | BB5: Yes | BC5: - | BD5: - | BE5: Not Started | BF5: AAI | BG5: =IF(A5="","",AND(TRIM(G5&"")<>"",UPPER(TRIM(G5&""))<>"NO")) -> TRUE | BH5: =IF(J5="","",IF(ISNUMBER(SEARCH("absen",J5)),"Absence of Drainage Network",IF(OR(ISNUMBER(SEARCH("design",J5)),ISNUMBER(SEARCH("capacity",J5))),"Inadequate Design Capacity",IF(OR(ISNUMBER(SEARCH("upgrade",J5)),ISNUMBER(SEARCH("network",J5)),ISNUMBER(SEARCH("topog",J5)),ISNUMBER(SEARCH("road",J5))),"Topography & Road Engineering","CHECK - map manually")))) -> Inadequate Design Capacity | BI5: =IF(A5="","",AND(UPPER(TRIM(BF5&""))="IDD",OR(TRIM(AN5&"")<>"",TRIM(AY5&"")<>"",TRIM(AZ5&"")<>""))) -> FALSE | BJ5: =IF(A5="","",IF(ISNUMBER(AZ5),AZ5,"CLIENT INPUT REQUIRED")) -> 46722 | BK5: =IF(A5="","",IF(BI5<>TRUE(),"No specific plan",IF(ISNUMBER(BJ5),IF(BJ5<'Exec Summary'!$C$4,"Resolved before Feb 2027","Resolved after Feb 2027"),"CLIENT INPUT REQUIRED"))) -> No specific plan
A6: 3 | B6: Al Aamerah & Al Sad & Al Salamat | C6: Al Samar, Al Aamerah | D6: 24.234745 | E6: 55.550541 | F6: Very High | G6: Applicable with (AACM) | I6: Yes | J6: Inadequate Design Capacity | K6: Existing or nearby drainage arrangements at Al Samar, Al Aamerah require pumping support during storm events, indicating insufficient conveyance/storage capacity for peak runoff. | AM6: Yes | AN6: Upgrade Network | AO6: Upgrade Network | AP6: Permenent | AQ6: No | AR6: - | AS6: 1:2 | AT6: 23mm depth for 24hr | AU6: 1:5 | AV6: 47mm depth for 24hr | AW6: the information will be provided by end of next week | AX6: the information will be provided by end of next week | AY6: 46327 | AZ6: 46722 | BA6: Design phase | BB6: Yes | BC6: - | BD6: - | BE6: Not Started | BF6: AAI | BG6: =IF(A6="","",AND(TRIM(G6&"")<>"",UPPER(TRIM(G6&""))<>"NO")) -> TRUE | BH6: =IF(J6="","",IF(ISNUMBER(SEARCH("absen",J6)),"Absence of Drainage Network",IF(OR(ISNUMBER(SEARCH("design",J6)),ISNUMBER(SEARCH("capacity",J6))),"Inadequate Design Capacity",IF(OR(ISNUMBER(SEARCH("upgrade",J6)),ISNUMBER(SEARCH("network",J6)),ISNUMBER(SEARCH("topog",J6)),ISNUMBER(SEARCH("road",J6))),"Topography & Road Engineering","CHECK - map manually")))) -> Inadequate Design Capacity | BI6: =IF(A6="","",AND(UPPER(TRIM(BF6&""))="IDD",OR(TRIM(AN6&"")<>"",TRIM(AY6&"")<>"",TRIM(AZ6&"")<>""))) -> FALSE | BJ6: =IF(A6="","",IF(ISNUMBER(AZ6),AZ6,"CLIENT INPUT REQUIRED")) -> 46722 | BK6: =IF(A6="","",IF(BI6<>TRUE(),"No specific plan",IF(ISNUMBER(BJ6),IF(BJ6<'Exec Summary'!$C$4,"Resolved before Feb 2027","Resolved after Feb 2027"),"CLIENT INPUT REQUIRED"))) -> No specific plan
A7: 4 | B7: Al Aamerah & Al Sad & Al Salamat | C7: Wadi Al Fayah St, Al Sad - Ramlat Al Saad | D7: 24.219743 | E7: 55.501417 | F7: Very High | G7: Applicable with (AACM) | I7: Yes | J7: Inadequate Design Capacity | K7: Existing or nearby drainage arrangements at Wadi Al Fayah St, Al Sad - Ramlat Al Saad require pumping support during storm events, indicating insufficient conveyance/storage capacity for peak runoff. | AM7: No | AN7: Based on future design | AO7: Based on future design | AP7: Permenent | AQ7: No | AR7: - | AS7: 1:2 | AT7: 23mm depth for 24hr | AU7: Based on future design | AV7: Based on future design | AW7: the information will be provided by end of next week | AX7: the information will be provided by end of next week | AY7: future project | AZ7: future project | BA7: future project | BB7: No | BC7: - | BD7: - | BE7: Not Started | BF7: AAI | BG7: =IF(A7="","",AND(TRIM(G7&"")<>"",UPPER(TRIM(G7&""))<>"NO")) -> TRUE | BH7: =IF(J7="","",IF(ISNUMBER(SEARCH("absen",J7)),"Absence of Drainage Network",IF(OR(ISNUMBER(SEARCH("design",J7)),ISNUMBER(SEARCH("capacity",J7))),"Inadequate Design Capacity",IF(OR(ISNUMBER(SEARCH("upgrade",J7)),ISNUMBER(SEARCH("network",J7)),ISNUMBER(SEARCH("topog",J7)),ISNUMBER(SEARCH("road",J7))),"Topography & Road Engineering","CHECK - map manually")))) -> Inadequate Design Capacity | BI7: =IF(A7="","",AND(UPPER(TRIM(BF7&""))="IDD",OR(TRIM(AN7&"")<>"",TRIM(AY7&"")<>"",TRIM(AZ7&"")<>""))) -> FALSE | BJ7: =IF(A7="","",IF(ISNUMBER(AZ7),AZ7,"CLIENT INPUT REQUIRED")) -> CLIENT INPUT REQUIRED | BK7: =IF(A7="","",IF(BI7<>TRUE(),"No specific plan",IF(ISNUMBER(BJ7),IF(BJ7<'Exec Summary'!$C$4,"Resolved before Feb 2027","Resolved after Feb 2027"),"CLIENT INPUT REQUIRED"))) -> No specific plan
A8: 5 | B8: Al Aamerah & Al Sad & Al Salamat | C8: 28 An Nasr St, Al Salamat - Al Salamat 1 | D8: 24.213406 | E8: 55.590641 | F8: Very High | G8: Applicable with (AACM) | I8: Yes | J8: Inadequate Design Capacity | K8: Existing or nearby drainage arrangements at 28 An Nasr St, Al Salamat - Al Salamat 1 require pumping support during storm events, indicating insufficient conveyance/storage capacity for peak runoff. | AM8: Yes | AN8: Upgrade Network | AO8: Upgrade Network | AP8: Permenent | AQ8: No | AR8: - | AS8: 1:2 | AT8: 23mm depth for 24hr | AU8: 1:5 | AV8: 47mm depth for 24hr | AW8: the information will be provided by end of next week | AX8: the information will be provided by end of next week | AY8: 46327 | AZ8: 46722 | BA8: Design phase | BB8: Yes | BC8: - | BD8: - | BE8: Not Started | BF8: AAI | BG8: =IF(A8="","",AND(TRIM(G8&"")<>"",UPPER(TRIM(G8&""))<>"NO")) -> TRUE | BH8: =IF(J8="","",IF(ISNUMBER(SEARCH("absen",J8)),"Absence of Drainage Network",IF(OR(ISNUMBER(SEARCH("design",J8)),ISNUMBER(SEARCH("capacity",J8))),"Inadequate Design Capacity",IF(OR(ISNUMBER(SEARCH("upgrade",J8)),ISNUMBER(SEARCH("network",J8)),ISNUMBER(SEARCH("topog",J8)),ISNUMBER(SEARCH("road",J8))),"Topography & Road Engineering","CHECK - map manually")))) -> Inadequate Design Capacity | BI8: =IF(A8="","",AND(UPPER(TRIM(BF8&""))="IDD",OR(TRIM(AN8&"")<>"",TRIM(AY8&"")<>"",TRIM(AZ8&"")<>""))) -> FALSE | BJ8: =IF(A8="","",IF(ISNUMBER(AZ8),AZ8,"CLIENT INPUT REQUIRED")) -> 46722 | BK8: =IF(A8="","",IF(BI8<>TRUE(),"No specific plan",IF(ISNUMBER(BJ8),IF(BJ8<'Exec Summary'!$C$4,"Resolved before Feb 2027","Resolved after Feb 2027"),"CLIENT INPUT REQUIRED"))) -> No specific plan
A9: 6 | B9: Al Arad | C9: Sayh Al ʹArad St, Al 'Arad - Al Arad 1 | D9: 23.846971 | E9: 55.529396 | F9: Medium | G9: Applicable with (AACM) | I9: No | J9: Absence of Drainage Network | K9: No effective stormwater connection is evident from the listed intervention at Sayh Al ʹArad St, Al 'Arad - Al Arad 1; response is based on tanker dewatering until a drainage network/permanent solution is available. | P9: 0 | Z9: 0 | AA9: 1 | AB9: 5000 | AM9: No | AN9: Based on future design | AO9: Based on future design | AP9: Permenent | AQ9: No | AR9: - | AS9: No network | AT9: N/A | AU9: Based on future design | AV9: Based on future design | AW9: the information will be provided by end of next week | AX9: the information will be provided by end of next week | AY9: future project | AZ9: future project | BA9: future project | BB9: No | BC9: - | BD9: - | BE9: Not Started | BF9: AAI | BG9: =IF(A9="","",AND(TRIM(G9&"")<>"",UPPER(TRIM(G9&""))<>"NO")) -> TRUE | BH9: =IF(J9="","",IF(ISNUMBER(SEARCH("absen",J9)),"Absence of Drainage Network",IF(OR(ISNUMBER(SEARCH("design",J9)),ISNUMBER(SEARCH("capacity",J9))),"Inadequate Design Capacity",IF(OR(ISNUMBER(SEARCH("upgrade",J9)),ISNUMBER(SEARCH("network",J9)),ISNUMBER(SEARCH("topog",J9)),ISNUMBER(SEARCH("road",J9))),"Topography & Road Engineering","CHECK - map manually")))) -> Absence of Drainage Network | BI9: =IF(A9="","",AND(UPPER(TRIM(BF9&""))="IDD",OR(TRIM(AN9&"")<>"",TRIM(AY9&"")<>"",TRIM(AZ9&"")<>""))) -> FALSE | BJ9: =IF(A9="","",IF(ISNUMBER(AZ9),AZ9,"CLIENT INPUT REQUIRED")) -> CLIENT INPUT REQUIRED | BK9: =IF(A9="","",IF(BI9<>TRUE(),"No specific plan",IF(ISNUMBER(BJ9),IF(BJ9<'Exec Summary'!$C$4,"Resolved before Feb 2027","Resolved after Feb 2027"),"CLIENT INPUT REQUIRED"))) -> No specific plan
A10: 7 | B10: Al Bateen | C10: Ghafat Al Shwaihi, Al Bateen | D10: 24.210464 | E10: 55.635865 | F10: Medium | G10: Applicable with (AACM) | I10: Yes | J10: Inadequate Design Capacity | K10: Existing or nearby drainage arrangements at Ghafat Al Shwaihi, Al Bateen require pumping support during storm events, indicating insufficient conveyance/storage capacity for peak runoff. | P10: 1 | Z10: 5000 | AA10: 1 | AB10: 5000 | AM10: Yes | AN10: Upgrade Network | AO10: Upgrade Network | AP10: Permenent | AQ10: No | AR10: - | AS10: 1:2 | AT10: 23mm depth for 24hr | AU10: 1:5 | AV10: 47mm depth for 24hr | AW10: the information will be provided by end of next week | AX10: the information will be provided by end of next week | AY10: 45658 | AZ10: 46357 | BA10: Implementation phase | BB10: Yes | BC10: 46064 | BD10: 46264 | BE10: Completed | BF10: AAI | BG10: =IF(A10="","",AND(TRIM(G10&"")<>"",UPPER(TRIM(G10&""))<>"NO")) -> TRUE | BH10: =IF(J10="","",IF(ISNUMBER(SEARCH("absen",J10)),"Absence of Drainage Network",IF(OR(ISNUMBER(SEARCH("design",J10)),ISNUMBER(SEARCH("capacity",J10))),"Inadequate Design Capacity",IF(OR(ISNUMBER(SEARCH("upgrade",J10)),ISNUMBER(SEARCH("network",J10)),ISNUMBER(SEARCH("topog",J10)),ISNUMBER(SEARCH("road",J10))),"Topography & Road Engineering","CHECK - map manually")))) -> Inadequate Design Capacity | BI10: =IF(A10="","",AND(UPPER(TRIM(BF10&""))="IDD",OR(TRIM(AN10&"")<>"",TRIM(AY10&"")<>"",TRIM(AZ10&"")<>""))) -> FALSE | BJ10: =IF(A10="","",IF(ISNUMBER(AZ10),AZ10,"CLIENT INPUT REQUIRED")) -> 46357 | BK10: =IF(A10="","",IF(BI10<>TRUE(),"No specific plan",IF(ISNUMBER(BJ10),IF(BJ10<'Exec Summary'!$C$4,"Resolved before Feb 2027","Resolved after Feb 2027"),"CLIENT INPUT REQUIRED"))) -> No specific plan
A11: 8 | B11: Al Bateen | C11: Yaw Sablah St, Al Bateen - Ghafat Al Shwaihi | D11: 24.209828 | E11: 55.626956 | F11: Medium | G11: Applicable with (AACM) | I11: Yes | J11: Inadequate Design Capacity | K11: Existing or nearby drainage arrangements at Yaw Sablah St, Al Bateen - Ghafat Al Shwaihi require pumping support during storm events, indicating insufficient conveyance/storage capacity for peak runoff. | AM11: Yes | AN11: Based on Future Design | AO11: Based on Future Design | AP11: Permenent | AQ11: No | AR11: - | AS11: 1:2 | AT11: 23mm depth for 24hr | AU11: 1:5 | AV11: 47mm depth for 24hr | AW11: the information will be provided by end of next week | AX11: the information will be provided by end of next week | AY11: 46388 | AZ11: 46722 | BA11: Design phase | BB11: Yes | BC11: - | BD11: - | BE11: Not Started | BF11: AAI | BG11: =IF(A11="","",AND(TRIM(G11&"")<>"",UPPER(TRIM(G11&""))<>"NO")) -> TRUE | BH11: =IF(J11="","",IF(ISNUMBER(SEARCH("absen",J11)),"Absence of Drainage Network",IF(OR(ISNUMBER(SEARCH("design",J11)),ISNUMBER(SEARCH("capacity",J11))),"Inadequate Design Capacity",IF(OR(ISNUMBER(SEARCH("upgrade",J11)),ISNUMBER(SEARCH("network",J11)),ISNUMBER(SEARCH("topog",J11)),ISNUMBER(SEARCH("road",J11))),"Topography & Road Engineering","CHECK - map manually")))) -> Inadequate Design Capacity | BI11: =IF(A11="","",AND(UPPER(TRIM(BF11&""))="IDD",OR(TRIM(AN11&"")<>"",TRIM(AY11&"")<>"",TRIM(AZ11&"")<>""))) -> FALSE | BJ11: =IF(A11="","",IF(ISNUMBER(AZ11),AZ11,"CLIENT INPUT REQUIRED")) -> 46722 | BK11: =IF(A11="","",IF(BI11<>TRUE(),"No specific plan",IF(ISNUMBER(BJ11),IF(BJ11<'Exec Summary'!$C$4,"Resolved before Feb 2027","Resolved after Feb 2027"),"CLIENT INPUT REQUIRED"))) -> No specific plan
A12: 9 | B12: Al Bateen | C12: Ghiyout Al Hidayri St, Al Bateen - Ghafat Al Shwaihi | D12: 24.199295 | E12: 55.628214 | F12: Medium | G12: Applicable with (AACM) | I12: Yes | J12: Inadequate Design Capacity | K12: Existing or nearby drainage arrangements at Ghiyout Al Hidayri St, Al Bateen - Ghafat Al Shwaihi require pumping support during storm events, indicating insufficient conveyance/storage capacity for peak runoff. | AM12: Yes | AN12: Upgrade Network | AO12: Upgrade Network | AP12: Permenent | AQ12: No | AR12: - | AS12: 1:2 | AT12: 23mm depth for 24hr | AU12: 1:5 | AV12: 47mm depth for 24hr | AW12: the information will be provided by end of next week | AX12: the information will be provided by end of next week | AY12: 45658 | AZ12: 46357 | BA12: Implementation phase | BB12: Yes | BC12: 46156 | BD12: - | BE12: On Track | BF12: AAI | BG12: =IF(A12="","",AND(TRIM(G12&"")<>"",UPPER(TRIM(G12&""))<>"NO")) -> TRUE | BH12: =IF(J12="","",IF(ISNUMBER(SEARCH("absen",J12)),"Absence of Drainage Network",IF(OR(ISNUMBER(SEARCH("design",J12)),ISNUMBER(SEARCH("capacity",J12))),"Inadequate Design Capacity",IF(OR(ISNUMBER(SEARCH("upgrade",J12)),ISNUMBER(SEARCH("network",J12)),ISNUMBER(SEARCH("topog",J12)),ISNUMBER(SEARCH("road",J12))),"Topography & Road Engineering","CHECK - map manually")))) -> Inadequate Design Capacity | BI12: =IF(A12="","",AND(UPPER(TRIM(BF12&""))="IDD",OR(TRIM(AN12&"")<>"",TRIM(AY12&"")<>"",TRIM(AZ12&"")<>""))) -> FALSE | BJ12: =IF(A12="","",IF(ISNUMBER(AZ12),AZ12,"CLIENT INPUT REQUIRED")) -> 46357 | BK12: =IF(A12="","",IF(BI12<>TRUE(),"No specific plan",IF(ISNUMBER(BJ12),IF(BJ12<'Exec Summary'!$C$4,"Resolved before Feb 2027","Resolved after Feb 2027"),"CLIENT INPUT REQUIRED"))) -> No specific plan
A13: 10 | B13: Al Dhahir & Mezyad & Um Ghafah | C13: Zayed Bin Sultan St, Al Dhahir - Dhaher 1 | D13: 24.064364 | E13: 55.837395 | F13: High | G13: Applicable with (AACM) | I13: No | J13: Absence of Drainage Network | K13: the accumulated water will be removed by a tanker and discharged at the nearest Wadi | P13: 3 | Z13: 15000 | AA13: 4 | AB13: 20000 | AM13: No | AN13: Based on future design | AO13: Based on future design | AP13: Permenent | AQ13: No | AR13: - | AS13: No network | AT13: N/A | AU13: Based on future design | AV13: Based on future design | AW13: the information will be provided by end of next week | AX13: the information will be provided by end of next week | AY13: future project | AZ13: future project | BA13: future project | BB13: No | BC13: - | BD13: - | BE13: Not Started | BF13: AAI | BG13: =IF(A13="","",AND(TRIM(G13&"")<>"",UPPER(TRIM(G13&""))<>"NO")) -> TRUE | BH13: =IF(J13="","",IF(ISNUMBER(SEARCH("absen",J13)),"Absence of Drainage Network",IF(OR(ISNUMBER(SEARCH("design",J13)),ISNUMBER(SEARCH("capacity",J13))),"Inadequate Design Capacity",IF(OR(ISNUMBER(SEARCH("upgrade",J13)),ISNUMBER(SEARCH("network",J13)),ISNUMBER(SEARCH("topog",J13)),ISNUMBER(SEARCH("road",J13))),"Topography & Road Engineering","CHECK - map manually")))) -> Absence of Drainage Network | BI13: =IF(A13="","",AND(UPPER(TRIM(BF13&""))="IDD",OR(TRIM(AN13&"")<>"",TRIM(AY13&"")<>"",TRIM(AZ13&"")<>""))) -> FALSE | BJ13: =IF(A13="","",IF(ISNUMBER(AZ13),AZ13,"CLIENT INPUT REQUIRED")) -> CLIENT INPUT REQUIRED | BK13: =IF(A13="","",IF(BI13<>TRUE(),"No specific plan",IF(ISNUMBER(BJ13),IF(BJ13<'Exec Summary'!$C$4,"Resolved before Feb 2027","Resolved after Feb 2027"),"CLIENT INPUT REQUIRED"))) -> No specific plan
A14: 11 | B14: Al Dhahir & Mezyad & Um Ghafah | C14: Al Barari Mall R/A, Dhaher 3, Al Dhahir | D14: 24.085678 | E14: 55.831987 | F14: High | G14: Applicable with (AACM) | I14: Yes | J14: Inadequate Design Capacity | K14: Existing or nearby drainage arrangements at Al Barari Mall R/A, Dhaher 3, Al Dhahir require pumping support during storm events, indicating insufficient conveyance/storage capacity for peak runoff. | AM14: No | AN14: Based on future design | AO14: Based on future design | AP14: Permenent | AQ14: No | AR14: - | AS14: 1:2 | AT14: 23mm depth for 24hr | AU14: Based on future design | AV14: Based on future design | AW14: the information will be provided by end of next week | AX14: the information will be provided by end of next week | AY14: future project | AZ14: future project | BA14: future project | BB14: No | BC14: - | BD14: - | BE14: Not Started | BF14: AAI | BG14: =IF(A14="","",AND(TRIM(G14&"")<>"",UPPER(TRIM(G14&""))<>"NO")) -> TRUE | BH14: =IF(J14="","",IF(ISNUMBER(SEARCH("absen",J14)),"Absence of Drainage Network",IF(OR(ISNUMBER(SEARCH("design",J14)),ISNUMBER(SEARCH("capacity",J14))),"Inadequate Design Capacity",IF(OR(ISNUMBER(SEARCH("upgrade",J14)),ISNUMBER(SEARCH("network",J14)),ISNUMBER(SEARCH("topog",J14)),ISNUMBER(SEARCH("road",J14))),"Topography & Road Engineering","CHECK - map manually")))) -> Inadequate Design Capacity | BI14: =IF(A14="","",AND(UPPER(TRIM(BF14&""))="IDD",OR(TRIM(AN14&"")<>"",TRIM(AY14&"")<>"",TRIM(AZ14&"")<>""))) -> FALSE | BJ14: =IF(A14="","",IF(ISNUMBER(AZ14),AZ14,"CLIENT INPUT REQUIRED")) -> CLIENT INPUT REQUIRED | BK14: =IF(A14="","",IF(BI14<>TRUE(),"No specific plan",IF(ISNUMBER(BJ14),IF(BJ14<'Exec Summary'!$C$4,"Resolved before Feb 2027","Resolved after Feb 2027"),"CLIENT INPUT REQUIRED"))) -> No specific plan
A15: 12 | B15: Al Dhahir & Mezyad & Um Ghafah | C15: Al Ain City Municipality – Customer Service Center, Mezyad | D15: 24.032824 | E15: 55.844514 | F15: High | G15: Applicable with (AACM) | I15: No | J15: Absence of Drainage Network | K15: the accumulated water will be removed by a tanker and discharged at the nearest Wadi | AM15: No | AN15: Based on future design | AO15: Based on future design | AP15: Permenent | AQ15: No | AR15: - | AS15: No network | AT15: N/A | AU15: Based on future design | AV15: Based on future design | AW15: the information will be provided by end of next week | AX15: the information will be provided by end of next week | AY15: future project | AZ15: future project | BA15: future project | BB15: No | BC15: - | BD15: - | BE15: Not Started | BF15: AAI | BG15: =IF(A15="","",AND(TRIM(G15&"")<>"",UPPER(TRIM(G15&""))<>"NO")) -> TRUE | BH15: =IF(J15="","",IF(ISNUMBER(SEARCH("absen",J15)),"Absence of Drainage Network",IF(OR(ISNUMBER(SEARCH("design",J15)),ISNUMBER(SEARCH("capacity",J15))),"Inadequate Design Capacity",IF(OR(ISNUMBER(SEARCH("upgrade",J15)),ISNUMBER(SEARCH("network",J15)),ISNUMBER(SEARCH("topog",J15)),ISNUMBER(SEARCH("road",J15))),"Topography & Road Engineering","CHECK - map manually")))) -> Absence of Drainage Network | BI15: =IF(A15="","",AND(UPPER(TRIM(BF15&""))="IDD",OR(TRIM(AN15&"")<>"",TRIM(AY15&"")<>"",TRIM(AZ15&"")<>""))) -> FALSE | BJ15: =IF(A15="","",IF(ISNUMBER(AZ15),AZ15,"CLIENT INPUT REQUIRED")) -> CLIENT INPUT REQUIRED | BK15: =IF(A15="","",IF(BI15<>TRUE(),"No specific plan",IF(ISNUMBER(BJ15),IF(BJ15<'Exec Summary'!$C$4,"Resolved before Feb 2027","Resolved after Feb 2027"),"CLIENT INPUT REQUIRED"))) -> No specific plan
A16: 13 | B16: Al Dhahir & Mezyad & Um Ghafah | C16: Zayed Bin Sultan St, Mazyad - Mazyad 2 | D16: 24.036763 | E16: 55.844098 | F16: High | G16: Applicable with (AACM) | I16: Yes | J16: Inadequate Design Capacity | K16: Existing or nearby drainage arrangements at Zayed Bin Sultan St, Mazyad - Mazyad 2 require pumping support during storm events, indicating insufficient conveyance/storage capacity for peak runoff. | AM16: No | AN16: Based on future design | AO16: Based on future design | AP16: Permenent | AQ16: No | AR16: - | AS16: 1:2 | AT16: 23mm depth for 24hr | AU16: Based on future design | AV16: Based on future design | AW16: the information will be provided by end of next week | AX16: the information will be provided by end of next week | AY16: future project | AZ16: future project | BA16: future project | BB16: No | BC16: - | BD16: - | BE16: Not Started | BF16: AAI | BG16: =IF(A16="","",AND(TRIM(G16&"")<>"",UPPER(TRIM(G16&""))<>"NO")) -> TRUE | BH16: =IF(J16="","",IF(ISNUMBER(SEARCH("absen",J16)),"Absence of Drainage Network",IF(OR(ISNUMBER(SEARCH("design",J16)),ISNUMBER(SEARCH("capacity",J16))),"Inadequate Design Capacity",IF(OR(ISNUMBER(SEARCH("upgrade",J16)),ISNUMBER(SEARCH("network",J16)),ISNUMBER(SEARCH("topog",J16)),ISNUMBER(SEARCH("road",J16))),"Topography & Road Engineering","CHECK - map manually")))) -> Inadequate Design Capacity | BI16: =IF(A16="","",AND(UPPER(TRIM(BF16&""))="IDD",OR(TRIM(AN16&"")<>"",TRIM(AY16&"")<>"",TRIM(AZ16&"")<>""))) -> FALSE | BJ16: =IF(A16="","",IF(ISNUMBER(AZ16),AZ16,"CLIENT INPUT REQUIRED")) -> CLIENT INPUT REQUIRED | BK16: =IF(A16="","",IF(BI16<>TRUE(),"No specific plan",IF(ISNUMBER(BJ16),IF(BJ16<'Exec Summary'!$C$4,"Resolved before Feb 2027","Resolved after Feb 2027"),"CLIENT INPUT REQUIRED"))) -> No specific plan
A17: 14 | B17: Al Dhahir & Mezyad & Um Ghafah | C17: Al Muraikhat, Um Ghafah | D17: 24.091098 | E17: 55.908138 | F17: High | G17: Applicable with (AACM) | I17: Yes | J17: Inadequate Design Capacity | K17: Existing or nearby drainage arrangements at Al Muraikhat, Um Ghafah require pumping support during storm events, indicating insufficient conveyance/storage capacity for peak runoff. | AM17: No | AN17: Based on future design | AO17: Based on future design | AP17: Permenent | AQ17: No | AR17: - | AS17: 1:2 | AT17: 23mm depth for 24hr | AU17: Based on future design | AV17: Based on future design | AW17: the information will be provided by end of next week | AX17: the information will be provided by end of next week | AY17: future project | AZ17: future project | BA17: future project | BB17: No | BC17: - | BD17: - | BE17: Not Started | BF17: AAI | BG17: =IF(A17="","",AND(TRIM(G17&"")<>"",UPPER(TRIM(G17&""))<>"NO")) -> TRUE | BH17: =IF(J17="","",IF(ISNUMBER(SEARCH("absen",J17)),"Absence of Drainage Network",IF(OR(ISNUMBER(SEARCH("design",J17)),ISNUMBER(SEARCH("capacity",J17))),"Inadequate Design Capacity",IF(OR(ISNUMBER(SEARCH("upgrade",J17)),ISNUMBER(SEARCH("network",J17)),ISNUMBER(SEARCH("topog",J17)),ISNUMBER(SEARCH("road",J17))),"Topography & Road Engineering","CHECK - map manually")))) -> Inadequate Design Capacity | BI17: =IF(A17="","",AND(UPPER(TRIM(BF17&""))="IDD",OR(TRIM(AN17&"")<>"",TRIM(AY17&"")<>"",TRIM(AZ17&"")<>""))) -> FALSE | BJ17: =IF(A17="","",IF(ISNUMBER(AZ17),AZ17,"CLIENT INPUT REQUIRED")) -> CLIENT INPUT REQUIRED | BK17: =IF(A17="","",IF(BI17<>TRUE(),"No specific plan",IF(ISNUMBER(BJ17),IF(BJ17<'Exec Summary'!$C$4,"Resolved before Feb 2027","Resolved after Feb 2027"),"CLIENT INPUT REQUIRED"))) -> No specific plan
A18: 15 | B18: Al Faqaa | C18: Al Ain - Dubai Rd, Al Faqaa | D18: 24.686555 | E18: 55.641832 | F18: High | G18: Applicable with (AACM) | I18: No | J18: Absence of Drainage Network | K18: the accumulated water will be removed by a tanker and discharged at the nearest Wadi | P18: 0 | Z18: 0 | AA18: 1 | AB18: 5000 | AM18: Yes | AN18: Pond/Side slope protection | AO18: Pond/Side slope protection | AP18: Permenent | AQ18: No | AR18: - | AS18: 1:2 | AT18: 23mm depth for 24hr | AU18: 1:50 | AV18: 105mm depth for 24hr | AW18: the information will be provided by end of next week | AX18: the information will be provided by end of next week | AY18: 46327 | AZ18: 46722 | BA18: Design phase | BB18: Yes | BC18: - | BD18: - | BE18: Not Started | BF18: AAI | BG18: =IF(A18="","",AND(TRIM(G18&"")<>"",UPPER(TRIM(G18&""))<>"NO")) -> TRUE | BH18: =IF(J18="","",IF(ISNUMBER(SEARCH("absen",J18)),"Absence of Drainage Network",IF(OR(ISNUMBER(SEARCH("design",J18)),ISNUMBER(SEARCH("capacity",J18))),"Inadequate Design Capacity",IF(OR(ISNUMBER(SEARCH("upgrade",J18)),ISNUMBER(SEARCH("network",J18)),ISNUMBER(SEARCH("topog",J18)),ISNUMBER(SEARCH("road",J18))),"Topography & Road Engineering","CHECK - map manually")))) -> Absence of Drainage Network | BI18: =IF(A18="","",AND(UPPER(TRIM(BF18&""))="IDD",OR(TRIM(AN18&"")<>"",TRIM(AY18&"")<>"",TRIM(AZ18&"")<>""))) -> FALSE | BJ18: =IF(A18="","",IF(ISNUMBER(AZ18),AZ18,"CLIENT INPUT REQUIRED")) -> 46722 | BK18: =IF(A18="","",IF(BI18<>TRUE(),"No specific plan",IF(ISNUMBER(BJ18),IF(BJ18<'Exec Summary'!$C$4,"Resolved before Feb 2027","Resolved after Feb 2027"),"CLIENT INPUT REQUIRED"))) -> No specific plan
A19: 16 | B19: Al Faqaa | C19: Dulaymah 1, Al Fagaa | D19: 24.693579 | E19: 55.612559 | F19: High | G19: Applicable with (AACM) | I19: No | J19: Absence of Drainage Network | K19: the accumulated water will be removed by a tanker and discharged at the nearest pond or another disposal location | AM19: No | AN19: Based on future design | AO19: Based on future design | AP19: Permenent | AQ19: No | AR19: - | AS19: No network | AT19: N/A | AU19: Based on future design | AV19: Based on future design | AW19: the information will be provided by end of next week | AX19: the information will be provided by end of next week | AY19: future project | AZ19: future project | BA19: future project | BB19: No | BC19: - | BD19: - | BE19: Not Started | BF19: AAI | BG19: =IF(A19="","",AND(TRIM(G19&"")<>"",UPPER(TRIM(G19&""))<>"NO")) -> TRUE | BH19: =IF(J19="","",IF(ISNUMBER(SEARCH("absen",J19)),"Absence of Drainage Network",IF(OR(ISNUMBER(SEARCH("design",J19)),ISNUMBER(SEARCH("capacity",J19))),"Inadequate Design Capacity",IF(OR(ISNUMBER(SEARCH("upgrade",J19)),ISNUMBER(SEARCH("network",J19)),ISNUMBER(SEARCH("topog",J19)),ISNUMBER(SEARCH("road",J19))),"Topography & Road Engineering","CHECK - map manually")))) -> Absence of Drainage Network | BI19: =IF(A19="","",AND(UPPER(TRIM(BF19&""))="IDD",OR(TRIM(AN19&"")<>"",TRIM(AY19&"")<>"",TRIM(AZ19&"")<>""))) -> FALSE | BJ19: =IF(A19="","",IF(ISNUMBER(AZ19),AZ19,"CLIENT INPUT REQUIRED")) -> CLIENT INPUT REQUIRED | BK19: =IF(A19="","",IF(BI19<>TRUE(),"No specific plan",IF(ISNUMBER(BJ19),IF(BJ19<'Exec Summary'!$C$4,"Resolved before Feb 2027","Resolved after Feb 2027"),"CLIENT INPUT REQUIRED"))) -> No specific plan
A20: 17 | B20: Al Rawdah Al Sharqiyah - Al Ifaz & Al Ghireebah | C20: 19-7 Al Sofouh St, Al Rawdah Al Sharqiyah - Al Ifaz | D20: 24.155127 | E20: 55.658008 | F20: High | G20: Applicable with (AACM) | I20: Yes | J20: Inadequate Design Capacity | K20: Existing or nearby drainage arrangements at 19-7 Al Sofouh St, Al Rawdah Al Sharqiyah - Al Ifaz require pumping support during storm events, indicating insufficient conveyance/storage capacity for peak runoff. | P20: 0 | Z20: 0 | AA20: 1 | AB20: 5000 | AM20: No | AN20: Based on future design | AO20: Based on future design | AP20: Permenent | AQ20: No | AR20: - | AS20: 1:2 | AT20: 23mm depth for 24hr | AU20: Based on future design | AV20: Based on future design | AW20: the information will be provided by end of next week | AX20: the information will be provided by end of next week | AY20: future project | AZ20: future project | BA20: future project | BB20: No | BC20: - | BD20: - | BE20: Not Started | BF20: AAI | BG20: =IF(A20="","",AND(TRIM(G20&"")<>"",UPPER(TRIM(G20&""))<>"NO")) -> TRUE | BH20: =IF(J20="","",IF(ISNUMBER(SEARCH("absen",J20)),"Absence of Drainage Network",IF(OR(ISNUMBER(SEARCH("design",J20)),ISNUMBER(SEARCH("capacity",J20))),"Inadequate Design Capacity",IF(OR(ISNUMBER(SEARCH("upgrade",J20)),ISNUMBER(SEARCH("network",J20)),ISNUMBER(SEARCH("topog",J20)),ISNUMBER(SEARCH("road",J20))),"Topography & Road Engineering","CHECK - map manually")))) -> Inadequate Design Capacity | BI20: =IF(A20="","",AND(UPPER(TRIM(BF20&""))="IDD",OR(TRIM(AN20&"")<>"",TRIM(AY20&"")<>"",TRIM(AZ20&"")<>""))) -> FALSE | BJ20: =IF(A20="","",IF(ISNUMBER(AZ20),AZ20,"CLIENT INPUT REQUIRED")) -> CLIENT INPUT REQUIRED | BK20: =IF(A20="","",IF(BI20<>TRUE(),"No specific plan",IF(ISNUMBER(BJ20),IF(BJ20<'Exec Summary'!$C$4,"Resolved before Feb 2027","Resolved after Feb 2027"),"CLIENT INPUT REQUIRED"))) -> No specific plan
A21: 18 | B21: Al Rawdah Al Sharqiyah - Al Ifaz & Al Ghireebah | C21: Al Ifaz, Al Rawdah Al Sharqiyah | D21: 24.162986 | E21: 55.654951 | F21: Very High | G21: Applicable with (AACM) | I21: No | J21: Absence of Drainage Network | K21: No effective stormwater connection is evident from the listed intervention at Al Ifaz, Al Rawdah Al Sharqiyah; response is based on tanker dewatering until a drainage network/permanent solution is available. Discharge point is nearest Wadi | AM21: No | AN21: Based on future design | AO21: Based on future design | AP21: Permenent | AQ21: No | AR21: - | AS21: No network | AT21: N/A | AU21: Based on future design | AV21: Based on future design | AW21: the information will be provided by end of next week | AX21: the information will be provided by end of next week | AY21: future project | AZ21: future project | BA21: future project | BB21: No | BC21: - | BD21: - | BE21: Not Started | BF21: AAI | BG21: =IF(A21="","",AND(TRIM(G21&"")<>"",UPPER(TRIM(G21&""))<>"NO")) -> TRUE | BH21: =IF(J21="","",IF(ISNUMBER(SEARCH("absen",J21)),"Absence of Drainage Network",IF(OR(ISNUMBER(SEARCH("design",J21)),ISNUMBER(SEARCH("capacity",J21))),"Inadequate Design Capacity",IF(OR(ISNUMBER(SEARCH("upgrade",J21)),ISNUMBER(SEARCH("network",J21)),ISNUMBER(SEARCH("topog",J21)),ISNUMBER(SEARCH("road",J21))),"Topography & Road Engineering","CHECK - map manually")))) -> Absence of Drainage Network | BI21: =IF(A21="","",AND(UPPER(TRIM(BF21&""))="IDD",OR(TRIM(AN21&"")<>"",TRIM(AY21&"")<>"",TRIM(AZ21&"")<>""))) -> FALSE | BJ21: =IF(A21="","",IF(ISNUMBER(AZ21),AZ21,"CLIENT INPUT REQUIRED")) -> CLIENT INPUT REQUIRED | BK21: =IF(A21="","",IF(BI21<>TRUE(),"No specific plan",IF(ISNUMBER(BJ21),IF(BJ21<'Exec Summary'!$C$4,"Resolved before Feb 2027","Resolved after Feb 2027"),"CLIENT INPUT REQUIRED"))) -> No specific plan
A22: 19 | B22: Al Fou'ah | C22: Al Ain - Dubai Rd, Al Nabbagh – Sibeitah Tahnoun Bin Mohammed Al Nhayan Rd. | D22: 24.346862 | E22: 55.777772 | F22: Medium | G22: Applicable with (AACM) | I22: Yes | J22: Inadequate Design Capacity | K22: Existing or nearby drainage arrangements at Al Ain - Dubai Rd, Al Nabbagh – Sibeitah Tahnoun Bin Mohammed Al Nhayan Rd. require pumping support during storm events, indicating insufficient conveyance/storage capacity for peak runoff. | P22: 0 | Z22: 0 | AA22: 2 | AB22: 10000 | AM22: Yes | AN22: Upgrade Underpass drainage system | AO22: Upgrade Underpass drainage system | AP22: Permenent | AQ22: No | AR22: - | AS22: 1:2 | AT22: 23mm depth for 24hr | AU22: 1:50 | AV22: 105mm depth for 24hr | AW22: the information will be provided by end of next week | AX22: the information will be provided by end of next week | AY22: 46419 | AZ22: 46753 | BA22: Design phase | BB22: Yes | BC22: - | BD22: - | BE22: Not Started | BF22: AAI | BG22: =IF(A22="","",AND(TRIM(G22&"")<>"",UPPER(TRIM(G22&""))<>"NO")) -> TRUE | BH22: =IF(J22="","",IF(ISNUMBER(SEARCH("absen",J22)),"Absence of Drainage Network",IF(OR(ISNUMBER(SEARCH("design",J22)),ISNUMBER(SEARCH("capacity",J22))),"Inadequate Design Capacity",IF(OR(ISNUMBER(SEARCH("upgrade",J22)),ISNUMBER(SEARCH("network",J22)),ISNUMBER(SEARCH("topog",J22)),ISNUMBER(SEARCH("road",J22))),"Topography & Road Engineering","CHECK - map manually")))) -> Inadequate Design Capacity | BI22: =IF(A22="","",AND(UPPER(TRIM(BF22&""))="IDD",OR(TRIM(AN22&"")<>"",TRIM(AY22&"")<>"",TRIM(AZ22&"")<>""))) -> FALSE | BJ22: =IF(A22="","",IF(ISNUMBER(AZ22),AZ22,"CLIENT INPUT REQUIRED")) -> 46753 | BK22: =IF(A22="","",IF(BI22<>TRUE(),"No specific plan",IF(ISNUMBER(BJ22),IF(BJ22<'Exec Summary'!$C$4,"Resolved before Feb 2027","Resolved after Feb 2027"),"CLIENT INPUT REQUIRED"))) -> No specific plan
A23: 20 | B23: Al Fou'ah | C23: Al Fou'ah - Al Sajaa | D23: 24.359906 | E23: 55.787468 | F23: Medium | G23: Applicable with (AACM) | I23: No | J23: Absence of Drainage Network | K23: the accumulated water will be removed by a tanker and discharged at the nearest Wadi | AM23: No | AN23: Based on future design | AO23: Based on future design | AP23: Permenent | AQ23: No | AR23: - | AS23: No network | AT23: N/A | AU23: Based on future design | AV23: Based on future design | AW23: the information will be provided by end of next week | AX23: the information will be provided by end of next week | AY23: future project | AZ23: future project | BA23: future project | BB23: No | BC23: - | BD23: - | BE23: Not Started | BF23: AAI | BG23: =IF(A23="","",AND(TRIM(G23&"")<>"",UPPER(TRIM(G23&""))<>"NO")) -> TRUE | BH23: =IF(J23="","",IF(ISNUMBER(SEARCH("absen",J23)),"Absence of Drainage Network",IF(OR(ISNUMBER(SEARCH("design",J23)),ISNUMBER(SEARCH("capacity",J23))),"Inadequate Design Capacity",IF(OR(ISNUMBER(SEARCH("upgrade",J23)),ISNUMBER(SEARCH("network",J23)),ISNUMBER(SEARCH("topog",J23)),ISNUMBER(SEARCH("road",J23))),"Topography & Road Engineering","CHECK - map manually")))) -> Absence of Drainage Network | BI23: =IF(A23="","",AND(UPPER(TRIM(BF23&""))="IDD",OR(TRIM(AN23&"")<>"",TRIM(AY23&"")<>"",TRIM(AZ23&"")<>""))) -> FALSE | BJ23: =IF(A23="","",IF(ISNUMBER(AZ23),AZ23,"CLIENT INPUT REQUIRED")) -> CLIENT INPUT REQUIRED | BK23: =IF(A23="","",IF(BI23<>TRUE(),"No specific plan",IF(ISNUMBER(BJ23),IF(BJ23<'Exec Summary'!$C$4,"Resolved before Feb 2027","Resolved after Feb 2027"),"CLIENT INPUT REQUIRED"))) -> No specific plan
A24: 21 | B24: Al Fou'ah | C24: Abu 'Ubaidah Bin Al Jarrah St. Al Sajaa, Al Fou'ah | D24: 24.342632 | E24: 55.795046 | F24: High | G24: Applicable with (AACM) | I24: Yes | J24: Inadequate Design Capacity | K24: Existing or nearby drainage arrangements at Abu 'Ubaidah Bin Al Jarrah St. Al Sajaa, Al Fou'ah require pumping support during storm events, indicating insufficient conveyance/storage capacity for peak runoff. | AM24: Yes | AN24: Upgrade Network | AO24: Upgrade Network | AP24: Permenent | AQ24: No | AR24: - | AS24: 1:2 | AT24: 23mm depth for 24hr | AU24: 1:5 | AV24: 47mm depth for 24hr | AW24: the information will be provided by end of next week | AX24: the information will be provided by end of next week | AY24: 45658 | AZ24: 46357 | BA24: Implementation phase | BB24: Yes | BC24: 45824 | BD24: - | BE24: On Track | BF24: AAI | BG24: =IF(A24="","",AND(TRIM(G24&"")<>"",UPPER(TRIM(G24&""))<>"NO")) -> TRUE | BH24: =IF(J24="","",IF(ISNUMBER(SEARCH("absen",J24)),"Absence of Drainage Network",IF(OR(ISNUMBER(SEARCH("design",J24)),ISNUMBER(SEARCH("capacity",J24))),"Inadequate Design Capacity",IF(OR(ISNUMBER(SEARCH("upgrade",J24)),ISNUMBER(SEARCH("network",J24)),ISNUMBER(SEARCH("topog",J24)),ISNUMBER(SEARCH("road",J24))),"Topography & Road Engineering","CHECK - map manually")))) -> Inadequate Design Capacity | BI24: =IF(A24="","",AND(UPPER(TRIM(BF24&""))="IDD",OR(TRIM(AN24&"")<>"",TRIM(AY24&"")<>"",TRIM(AZ24&"")<>""))) -> FALSE | BJ24: =IF(A24="","",IF(ISNUMBER(AZ24),AZ24,"CLIENT INPUT REQUIRED")) -> 46357 | BK24: =IF(A24="","",IF(BI24<>TRUE(),"No specific plan",IF(ISNUMBER(BJ24),IF(BJ24<'Exec Summary'!$C$4,"Resolved before Feb 2027","Resolved after Feb 2027"),"CLIENT INPUT REQUIRED"))) -> No specific plan
A25: 22 | B25: Al Fou'ah | C25: Al Fouʹah St, Al Fou'ah - Al Raqiyah | D25: 24.334206 | E25: 55.792301 | F25: Medium | G25: Applicable with (AACM) | I25: Yes | J25: Inadequate Design Capacity | K25: Existing or nearby drainage arrangements at Al Fouʹah St, Al Fou'ah - Al Raqiyah require pumping support during storm events, indicating insufficient conveyance/storage capacity for peak runoff. Discharge point is nearest Wadi | AM25: No | AN25: Based on future design | AO25: Based on future design | AP25: Permenent | AQ25: No | AR25: - | AS25: 1:2 | AT25: 23mm depth for 24hr | AU25: Based on future design | AV25: Based on future design | AW25: the information will be provided by end of next week | AX25: the information will be provided by end of next week | AY25: future project | AZ25: future project | BA25: future project | BB25: No | BC25: - | BD25: - | BE25: Not Started | BF25: AAI | BG25: =IF(A25="","",AND(TRIM(G25&"")<>"",UPPER(TRIM(G25&""))<>"NO")) -> TRUE | BH25: =IF(J25="","",IF(ISNUMBER(SEARCH("absen",J25)),"Absence of Drainage Network",IF(OR(ISNUMBER(SEARCH("design",J25)),ISNUMBER(SEARCH("capacity",J25))),"Inadequate Design Capacity",IF(OR(ISNUMBER(SEARCH("upgrade",J25)),ISNUMBER(SEARCH("network",J25)),ISNUMBER(SEARCH("topog",J25)),ISNUMBER(SEARCH("road",J25))),"Topography & Road Engineering","CHECK - map manually")))) -> Inadequate Design Capacity | BI25: =IF(A25="","",AND(UPPER(TRIM(BF25&""))="IDD",OR(TRIM(AN25&"")<>"",TRIM(AY25&"")<>"",TRIM(AZ25&"")<>""))) -> FALSE | BJ25: =IF(A25="","",IF(ISNUMBER(AZ25),AZ25,"CLIENT INPUT REQUIRED")) -> CLIENT INPUT REQUIRED | BK25: =IF(A25="","",IF(BI25<>TRUE(),"No specific plan",IF(ISNUMBER(BJ25),IF(BJ25<'Exec Summary'!$C$4,"Resolved before Feb 2027","Resolved after Feb 2027"),"CLIENT INPUT REQUIRED"))) -> No specific plan
A26: 23 | B26: Al Hiyar | C26: Wadi Maad, Al Hiyar | D26: 24.6107 | E26: 55.756262 | F26: High | G26: Applicable with (AACM) | I26: Yes | J26: Inadequate Design Capacity | K26: Existing or nearby drainage arrangements at Wadi Maad, Al Hiyar require pumping support during storm events, indicating insufficient conveyance/storage capacity for peak runoff. Discharge point is nearest Wadi | P26: 2 | Z26: 10000 | AA26: 8 | AB26: 40000 | AM26: Yes | AN26: Upgrade Network | AO26: Upgrade Network | AP26: Permenent | AQ26: No | AR26: - | AS26: 1:2 | AT26: 23mm depth for 24hr | AU26: 1:5 | AV26: 47mm depth for 24hr | AW26: the information will be provided by end of next week | AX26: the information will be provided by end of next week | AY26: 45658 | AZ26: 46357 | BA26: Implementation phase | BB26: Yes | BC26: 46127 | BD26: - | BE26: On Track | BF26: AAI | BG26: =IF(A26="","",AND(TRIM(G26&"")<>"",UPPER(TRIM(G26&""))<>"NO")) -> TRUE | BH26: =IF(J26="","",IF(ISNUMBER(SEARCH("absen",J26)),"Absence of Drainage Network",IF(OR(ISNUMBER(SEARCH("design",J26)),ISNUMBER(SEARCH("capacity",J26))),"Inadequate Design Capacity",IF(OR(ISNUMBER(SEARCH("upgrade",J26)),ISNUMBER(SEARCH("network",J26)),ISNUMBER(SEARCH("topog",J26)),ISNUMBER(SEARCH("road",J26))),"Topography & Road Engineering","CHECK - map manually")))) -> Inadequate Design Capacity | BI26: =IF(A26="","",AND(UPPER(TRIM(BF26&""))="IDD",OR(TRIM(AN26&"")<>"",TRIM(AY26&"")<>"",TRIM(AZ26&"")<>""))) -> FALSE | BJ26: =IF(A26="","",IF(ISNUMBER(AZ26),AZ26,"CLIENT INPUT REQUIRED")) -> 46357 | BK26: =IF(A26="","",IF(BI26<>TRUE(),"No specific plan",IF(ISNUMBER(BJ26),IF(BJ26<'Exec Summary'!$C$4,"Resolved before Feb 2027","Resolved after Feb 2027"),"CLIENT INPUT REQUIRED"))) -> No specific plan
A27: 24 | B27: Al Hiyar | C27: Ramlat Al Hayer, Al Hiyar | D27: 24.603507 | E27: 55.759951 | F27: High | G27: Applicable with (AACM) | I27: No | J27: Absence of Drainage Network | K27: the accumulated water will be removed by a tanker and discharged at the nearest wadi | AM27: No | AN27: Based on future design | AO27: Based on future design | AP27: Permenent | AQ27: No | AR27: - | AS27: No network | AT27: N/A | AU27: Based on future design | AV27: Based on future design | AW27: the information will be provided by end of next week | AX27: the information will be provided by end of next week | AY27: future project | AZ27: future project | BA27: future project | BB27: No | BC27: - | BD27: - | BE27: Not Started | BF27: AAI | BG27: =IF(A27="","",AND(TRIM(G27&"")<>"",UPPER(TRIM(G27&""))<>"NO")) -> TRUE | BH27: =IF(J27="","",IF(ISNUMBER(SEARCH("absen",J27)),"Absence of Drainage Network",IF(OR(ISNUMBER(SEARCH("design",J27)),ISNUMBER(SEARCH("capacity",J27))),"Inadequate Design Capacity",IF(OR(ISNUMBER(SEARCH("upgrade",J27)),ISNUMBER(SEARCH("network",J27)),ISNUMBER(SEARCH("topog",J27)),ISNUMBER(SEARCH("road",J27))),"Topography & Road Engineering","CHECK - map manually")))) -> Absence of Drainage Network | BI27: =IF(A27="","",AND(UPPER(TRIM(BF27&""))="IDD",OR(TRIM(AN27&"")<>"",TRIM(AY27&"")<>"",TRIM(AZ27&"")<>""))) -> FALSE | BJ27: =IF(A27="","",IF(ISNUMBER(AZ27),AZ27,"CLIENT INPUT REQUIRED")) -> CLIENT INPUT REQUIRED | BK27: =IF(A27="","",IF(BI27<>TRUE(),"No specific plan",IF(ISNUMBER(BJ27),IF(BJ27<'Exec Summary'!$C$4,"Resolved before Feb 2027","Resolved after Feb 2027"),"CLIENT INPUT REQUIRED"))) -> No specific plan
A28: 25 | B28: Al Hiyar | C28: E20, Al Hiyar - Al Hayer 6 | D28: 24.582994 | E28: 55.73729 | F28: High | G28: Applicable with (AACM) | I28: No | J28: Absence of Drainage Network | K28: the accumulated water will be removed by a tanker and discharged at the nearest pond or another disposal location | AM28: No | AN28: Based on future design | AO28: Based on future design | AP28: Permenent | AQ28: No | AR28: - | AS28: No network | AT28: N/A | AU28: Based on future design | AV28: Based on future design | AW28: the information will be provided by end of next week | AX28: the information will be provided by end of next week | AY28: future project | AZ28: future project | BA28: future project | BB28: No | BC28: - | BD28: - | BE28: Not Started | BF28: AAI | BG28: =IF(A28="","",AND(TRIM(G28&"")<>"",UPPER(TRIM(G28&""))<>"NO")) -> TRUE | BH28: =IF(J28="","",IF(ISNUMBER(SEARCH("absen",J28)),"Absence of Drainage Network",IF(OR(ISNUMBER(SEARCH("design",J28)),ISNUMBER(SEARCH("capacity",J28))),"Inadequate Design Capacity",IF(OR(ISNUMBER(SEARCH("upgrade",J28)),ISNUMBER(SEARCH("network",J28)),ISNUMBER(SEARCH("topog",J28)),ISNUMBER(SEARCH("road",J28))),"Topography & Road Engineering","CHECK - map manually")))) -> Absence of Drainage Network | BI28: =IF(A28="","",AND(UPPER(TRIM(BF28&""))="IDD",OR(TRIM(AN28&"")<>"",TRIM(AY28&"")<>"",TRIM(AZ28&"")<>""))) -> FALSE | BJ28: =IF(A28="","",IF(ISNUMBER(AZ28),AZ28,"CLIENT INPUT REQUIRED")) -> CLIENT INPUT REQUIRED | BK28: =IF(A28="","",IF(BI28<>TRUE(),"No specific plan",IF(ISNUMBER(BJ28),IF(BJ28<'Exec Summary'!$C$4,"Resolved before Feb 2027","Resolved after Feb 2027"),"CLIENT INPUT REQUIRED"))) -> No specific plan
A29: 26 | B29: Al Hiyar | C29: Um Al Dakhan, Al Hiyar | D29: 24.524596 | E29: 55.552951 | F29: High | G29: Applicable with (AACM) | I29: No | J29: Absence of Drainage Network | K29: the accumulated water will be removed by a tanker and discharged at the nearest pond or another disposal location | AM29: Yes | AN29: Pond/Side slope protection | AO29: Pond/Side slope protection | AP29: Permenent | AQ29: No | AR29: - | AS29: 1:2 | AT29: 23mm depth for 24hr | AU29: 1:50 | AV29: 105mm depth for 24hr | AW29: the information will be provided by end of next week | AX29: the information will be provided by end of next week | AY29: 46327 | AZ29: 46722 | BA29: Design phase | BB29: Yes | BC29: - | BD29: - | BE29: Not Started | BF29: AAI | BG29: =IF(A29="","",AND(TRIM(G29&"")<>"",UPPER(TRIM(G29&""))<>"NO")) -> TRUE | BH29: =IF(J29="","",IF(ISNUMBER(SEARCH("absen",J29)),"Absence of Drainage Network",IF(OR(ISNUMBER(SEARCH("design",J29)),ISNUMBER(SEARCH("capacity",J29))),"Inadequate Design Capacity",IF(OR(ISNUMBER(SEARCH("upgrade",J29)),ISNUMBER(SEARCH("network",J29)),ISNUMBER(SEARCH("topog",J29)),ISNUMBER(SEARCH("road",J29))),"Topography & Road Engineering","CHECK - map manually")))) -> Absence of Drainage Network | BI29: =IF(A29="","",AND(UPPER(TRIM(BF29&""))="IDD",OR(TRIM(AN29&"")<>"",TRIM(AY29&"")<>"",TRIM(AZ29&"")<>""))) -> FALSE | BJ29: =IF(A29="","",IF(ISNUMBER(AZ29),AZ29,"CLIENT INPUT REQUIRED")) -> 46722 | BK29: =IF(A29="","",IF(BI29<>TRUE(),"No specific plan",IF(ISNUMBER(BJ29),IF(BJ29<'Exec Summary'!$C$4,"Resolved before Feb 2027","Resolved after Feb 2027"),"CLIENT INPUT REQUIRED"))) -> No specific plan
A30: 27 | B30: Al Hiyar | C30: Al Shansoobah, Al Hiyar | D30: 24.548806 | E30: 55.755433 | F30: High | G30: Applicable with (AACM) | I30: No | J30: Absence of Drainage Network | K30: the accumulated water will be removed by a tanker and discharged at the nearest pond or another disposal location | AM30: Yes | AN30: Pond/Side slope protection | AO30: Pond/Side slope protection | AP30: Permenent | AQ30: No | AR30: - | AS30: 1:2 | AT30: 23mm depth for 24hr | AU30: 1:50 | AV30: 105mm depth for 24hr | AW30: the information will be provided by end of next week | AX30: the information will be provided by end of next week | AY30: 46327 | AZ30: 46722 | BA30: Design phase | BB30: Yes | BC30: - | BD30: - | BE30: Not Started | BF30: AAI | BG30: =IF(A30="","",AND(TRIM(G30&"")<>"",UPPER(TRIM(G30&""))<>"NO")) -> TRUE | BH30: =IF(J30="","",IF(ISNUMBER(SEARCH("absen",J30)),"Absence of Drainage Network",IF(OR(ISNUMBER(SEARCH("design",J30)),ISNUMBER(SEARCH("capacity",J30))),"Inadequate Design Capacity",IF(OR(ISNUMBER(SEARCH("upgrade",J30)),ISNUMBER(SEARCH("network",J30)),ISNUMBER(SEARCH("topog",J30)),ISNUMBER(SEARCH("road",J30))),"Topography & Road Engineering","CHECK - map manually")))) -> Absence of Drainage Network | BI30: =IF(A30="","",AND(UPPER(TRIM(BF30&""))="IDD",OR(TRIM(AN30&"")<>"",TRIM(AY30&"")<>"",TRIM(AZ30&"")<>""))) -> FALSE | BJ30: =IF(A30="","",IF(ISNUMBER(AZ30),AZ30,"CLIENT INPUT REQUIRED")) -> 46722 | BK30: =IF(A30="","",IF(BI30<>TRUE(),"No specific plan",IF(ISNUMBER(BJ30),IF(BJ30<'Exec Summary'!$C$4,"Resolved before Feb 2027","Resolved after Feb 2027"),"CLIENT INPUT REQUIRED"))) -> No specific plan
A31: 28 | B31: Al Hiyar | C31: Al Shansoobah, Al Hiyar | D31: 24.572492 | E31: 55.747715 | F31: High | G31: Applicable with (AACM) | I31: Yes | J31: Inadequate Design Capacity | K31: Existing or nearby drainage arrangements at Al Shansoobah, Al Hiyar require pumping support during storm events, indicating insufficient conveyance/storage capacity for peak runoff. | AM31: Yes | AN31: Pond/Side slope protection | AO31: Pond/Side slope protection | AP31: Permenent | AQ31: No | AR31: - | AS31: 1:2 | AT31: 23mm depth for 24hr | AU31: 1:50 | AV31: 105mm depth for 24hr | AW31: the information will be provided by end of next week | AX31: the information will be provided by end of next week | AY31: 46327 | AZ31: 46722 | BA31: Design phase | BB31: Yes | BC31: - | BD31: - | BE31: Not Started | BF31: AAI | BG31: =IF(A31="","",AND(TRIM(G31&"")<>"",UPPER(TRIM(G31&""))<>"NO")) -> TRUE | BH31: =IF(J31="","",IF(ISNUMBER(SEARCH("absen",J31)),"Absence of Drainage Network",IF(OR(ISNUMBER(SEARCH("design",J31)),ISNUMBER(SEARCH("capacity",J31))),"Inadequate Design Capacity",IF(OR(ISNUMBER(SEARCH("upgrade",J31)),ISNUMBER(SEARCH("network",J31)),ISNUMBER(SEARCH("topog",J31)),ISNUMBER(SEARCH("road",J31))),"Topography & Road Engineering","CHECK - map manually")))) -> Inadequate Design Capacity | BI31: =IF(A31="","",AND(UPPER(TRIM(BF31&""))="IDD",OR(TRIM(AN31&"")<>"",TRIM(AY31&"")<>"",TRIM(AZ31&"")<>""))) -> FALSE | BJ31: =IF(A31="","",IF(ISNUMBER(AZ31),AZ31,"CLIENT INPUT REQUIRED")) -> 46722 | BK31: =IF(A31="","",IF(BI31<>TRUE(),"No specific plan",IF(ISNUMBER(BJ31),IF(BJ31<'Exec Summary'!$C$4,"Resolved before Feb 2027","Resolved after Feb 2027"),"CLIENT INPUT REQUIRED"))) -> No specific plan
A32: 29 | B32: Al Hiyar | C32: 36 Wadi At Tabnah St, Al Hiyar - Ramlat Al Hayer | D32: 24.588918 | E32: 55.744243 | F32: High | G32: Applicable with (AACM) | I32: No | J32: Absence of Drainage Network | K32: the accumulated water will be removed by a tanker and discharged at the nearest pond or another disposal location | AM32: Yes | AN32: New Network | AO32: New Network | AP32: Permenent | AQ32: No | AR32: - | AS32: 1:2 | AT32: 23mm depth for 24hr | AU32: 1:5 | AV32: 47mm depth for 24hr | AW32: the information will be provided by end of next week | AX32: the information will be provided by end of next week | AY32: Ongoing | AZ32: Ongoing | BA32: Design phase | BB32: Yes | BC32: - | BD32: - | BE32: Not Started | BF32: AAI | BG32: =IF(A32="","",AND(TRIM(G32&"")<>"",UPPER(TRIM(G32&""))<>"NO")) -> TRUE | BH32: =IF(J32="","",IF(ISNUMBER(SEARCH("absen",J32)),"Absence of Drainage Network",IF(OR(ISNUMBER(SEARCH("design",J32)),ISNUMBER(SEARCH("capacity",J32))),"Inadequate Design Capacity",IF(OR(ISNUMBER(SEARCH("upgrade",J32)),ISNUMBER(SEARCH("network",J32)),ISNUMBER(SEARCH("topog",J32)),ISNUMBER(SEARCH("road",J32))),"Topography & Road Engineering","CHECK - map manually")))) -> Absence of Drainage Network | BI32: =IF(A32="","",AND(UPPER(TRIM(BF32&""))="IDD",OR(TRIM(AN32&"")<>"",TRIM(AY32&"")<>"",TRIM(AZ32&"")<>""))) -> FALSE | BJ32: =IF(A32="","",IF(ISNUMBER(AZ32),AZ32,"CLIENT INPUT REQUIRED")) -> CLIENT INPUT REQUIRED | BK32: =IF(A32="","",IF(BI32<>TRUE(),"No specific plan",IF(ISNUMBER(BJ32),IF(BJ32<'Exec Summary'!$C$4,"Resolved before Feb 2027","Resolved after Feb 2027"),"CLIENT INPUT REQUIRED"))) -> No specific plan
A33: 30 | B33: Al Hiyar | C33: Shaʹbiyat Al Hiyar St, Al Hiyar - Al Jabib - East | D33: 24.641158 | E33: 55.710519 | F33: High | G33: Applicable with (AACM) | I33: No | J33: Absence of Drainage Network | K33: the accumulated water will be removed by a tanker and discharged at the nearest pond or another disposal location | AM33: Yes | AN33: Pond/Side slope protection | AO33: Pond/Side slope protection | AP33: Permenent | AQ33: No | AR33: - | AS33: 1:2 | AT33: 23mm depth for 24hr | AU33: 1:50 | AV33: 105mm depth for 24hr | AW33: the information will be provided by end of next week | AX33: the information will be provided by end of next week | AY33: 46327 | AZ33: 46722 | BA33: Design phase | BB33: Yes | BC33: - | BD33: - | BE33: Not Started | BF33: AAI | BG33: =IF(A33="","",AND(TRIM(G33&"")<>"",UPPER(TRIM(G33&""))<>"NO")) -> TRUE | BH33: =IF(J33="","",IF(ISNUMBER(SEARCH("absen",J33)),"Absence of Drainage Network",IF(OR(ISNUMBER(SEARCH("design",J33)),ISNUMBER(SEARCH("capacity",J33))),"Inadequate Design Capacity",IF(OR(ISNUMBER(SEARCH("upgrade",J33)),ISNUMBER(SEARCH("network",J33)),ISNUMBER(SEARCH("topog",J33)),ISNUMBER(SEARCH("road",J33))),"Topography & Road Engineering","CHECK - map manually")))) -> Absence of Drainage Network | BI33: =IF(A33="","",AND(UPPER(TRIM(BF33&""))="IDD",OR(TRIM(AN33&"")<>"",TRIM(AY33&"")<>"",TRIM(AZ33&"")<>""))) -> FALSE | BJ33: =IF(A33="","",IF(ISNUMBER(AZ33),AZ33,"CLIENT INPUT REQUIRED")) -> 46722 | BK33: =IF(A33="","",IF(BI33<>TRUE(),"No specific plan",IF(ISNUMBER(BJ33),IF(BJ33<'Exec Summary'!$C$4,"Resolved before Feb 2027","Resolved after Feb 2027"),"CLIENT INPUT REQUIRED"))) -> No specific plan
A34: 31 | B34: Al Hiyar | C34: Sweihan Rd, Al Hiyar - Al Ghashbah | D34: 24.548917 | E34: 55.672202 | F34: High | G34: Applicable with (AACM) | I34: No | J34: Absence of Drainage Network | K34: the accumulated water will be removed by a tanker and discharged at the nearest pond or another disposal location | AM34: No | AN34: Based on future design | AO34: Based on future design | AP34: Permenent | AQ34: No | AR34: - | AS34: No network | AT34: N/A | AU34: Based on future design | AV34: Based on future design | AW34: the information will be provided by end of next week | AX34: the information will be provided by end of next week | AY34: future project | AZ34: future project | BA34: future project | BB34: No | BC34: - | BD34: - | BE34: Not Started | BF34: AAI | BG34: =IF(A34="","",AND(TRIM(G34&"")<>"",UPPER(TRIM(G34&""))<>"NO")) -> TRUE | BH34: =IF(J34="","",IF(ISNUMBER(SEARCH("absen",J34)),"Absence of Drainage Network",IF(OR(ISNUMBER(SEARCH("design",J34)),ISNUMBER(SEARCH("capacity",J34))),"Inadequate Design Capacity",IF(OR(ISNUMBER(SEARCH("upgrade",J34)),ISNUMBER(SEARCH("network",J34)),ISNUMBER(SEARCH("topog",J34)),ISNUMBER(SEARCH("road",J34))),"Topography & Road Engineering","CHECK - map manually")))) -> Absence of Drainage Network | BI34: =IF(A34="","",AND(UPPER(TRIM(BF34&""))="IDD",OR(TRIM(AN34&"")<>"",TRIM(AY34&"")<>"",TRIM(AZ34&"")<>""))) -> FALSE | BJ34: =IF(A34="","",IF(ISNUMBER(AZ34),AZ34,"CLIENT INPUT REQUIRED")) -> CLIENT INPUT REQUIRED | BK34: =IF(A34="","",IF(BI34<>TRUE(),"No specific plan",IF(ISNUMBER(BJ34),IF(BJ34<'Exec Summary'!$C$4,"Resolved before Feb 2027","Resolved after Feb 2027"),"CLIENT INPUT REQUIRED"))) -> No specific plan
A35: 32 | B35: Al Jimi | C35: 35 Al Jamal St, Al Jimi - Al Mraijeb | D35: 24.260129 | E35: 55.725131 | F35: Very High | G35: Applicable with (AACM) | I35: Yes | J35: Inadequate Design Capacity | K35: Existing or nearby drainage arrangements at 35 Al Jamal St, Al Jimi - Al Mraijeb require pumping support during storm events, indicating insufficient conveyance/storage capacity for peak runoff. | P35: 0 | Z35: 0 | AA35: 7 | AB35: 35000 | AM35: Yes | AN35: Upgrade Network | AO35: Upgrade Network | AP35: Permenent | AQ35: No | AR35: - | AS35: 1:2 | AT35: 23mm depth for 24hr | AU35: 1:5 | AV35: 47mm depth for 24hr | AW35: the information will be provided by end of next week | AX35: the information will be provided by end of next week | AY35: 45658 | AZ35: 46357 | BA35: Implementation phase | BB35: Yes | BC35: 45901 | BD35: - | BE35: On Track | BF35: AAI | BG35: =IF(A35="","",AND(TRIM(G35&"")<>"",UPPER(TRIM(G35&""))<>"NO")) -> TRUE | BH35: =IF(J35="","",IF(ISNUMBER(SEARCH("absen",J35)),"Absence of Drainage Network",IF(OR(ISNUMBER(SEARCH("design",J35)),ISNUMBER(SEARCH("capacity",J35))),"Inadequate Design Capacity",IF(OR(ISNUMBER(SEARCH("upgrade",J35)),ISNUMBER(SEARCH("network",J35)),ISNUMBER(SEARCH("topog",J35)),ISNUMBER(SEARCH("road",J35))),"Topography & Road Engineering","CHECK - map manually")))) -> Inadequate Design Capacity | BI35: =IF(A35="","",AND(UPPER(TRIM(BF35&""))="IDD",OR(TRIM(AN35&"")<>"",TRIM(AY35&"")<>"",TRIM(AZ35&"")<>""))) -> FALSE | BJ35: =IF(A35="","",IF(ISNUMBER(AZ35),AZ35,"CLIENT INPUT REQUIRED")) -> 46357 | BK35: =IF(A35="","",IF(BI35<>TRUE(),"No specific plan",IF(ISNUMBER(BJ35),IF(BJ35<'Exec Summary'!$C$4,"Resolved before Feb 2027","Resolved after Feb 2027"),"CLIENT INPUT REQUIRED"))) -> No specific plan
A36: 33 | B36: Al Jimi | C36: 4-8 Al Tajer St. Al Jimi - Slemi | D36: 24.241817 | E36: 55.746482 | F36: Very High | G36: Applicable with (AACM) | I36: Yes | J36: Inadequate Design Capacity | K36: Existing or nearby drainage arrangements at 4-8 Al Tajer St. Al Jimi - Slemi require pumping support during storm events, indicating insufficient conveyance/storage capacity for peak runoff. Discharge point is nearest Wadi | AM36: Yes | AN36: Upgrade Network | AO36: Upgrade Network | AP36: Permenent | AQ36: No | AR36: - | AS36: 1:2 | AT36: 23mm depth for 24hr | AU36: 1:5 | AV36: 47mm depth for 24hr | AW36: the information will be provided by end of next week | AX36: the information will be provided by end of next week | AY36: 46388 | AZ36: 47088 | BA36: Design phase | BB36: Yes | BC36: - | BD36: - | BE36: Not Started | BF36: AAI | BG36: =IF(A36="","",AND(TRIM(G36&"")<>"",UPPER(TRIM(G36&""))<>"NO")) -> TRUE | BH36: =IF(J36="","",IF(ISNUMBER(SEARCH("absen",J36)),"Absence of Drainage Network",IF(OR(ISNUMBER(SEARCH("design",J36)),ISNUMBER(SEARCH("capacity",J36))),"Inadequate Design Capacity",IF(OR(ISNUMBER(SEARCH("upgrade",J36)),ISNUMBER(SEARCH("network",J36)),ISNUMBER(SEARCH("topog",J36)),ISNUMBER(SEARCH("road",J36))),"Topography & Road Engineering","CHECK - map manually")))) -> Inadequate Design Capacity | BI36: =IF(A36="","",AND(UPPER(TRIM(BF36&""))="IDD",OR(TRIM(AN36&"")<>"",TRIM(AY36&"")<>"",TRIM(AZ36&"")<>""))) -> FALSE | BJ36: =IF(A36="","",IF(ISNUMBER(AZ36),AZ36,"CLIENT INPUT REQUIRED")) -> 47088 | BK36: =IF(A36="","",IF(BI36<>TRUE(),"No specific plan",IF(ISNUMBER(BJ36),IF(BJ36<'Exec Summary'!$C$4,"Resolved before Feb 2027","Resolved after Feb 2027"),"CLIENT INPUT REQUIRED"))) -> No specific plan
A37: 34 | B37: Al Jimi | C37: 5-1 Al Snono, Al Jimi - Slemi | D37: 24.247312 | E37: 55.747733 | F37: Very High | G37: Applicable with (AACM) | I37: Yes | J37: Inadequate Design Capacity | K37: Existing or nearby drainage arrangements at 5-1 Al Snono, Al Jimi - Slemi require pumping support during storm events, indicating insufficient conveyance/storage capacity for peak runoff. Discharge point is nearest Wadi | AM37: Yes | AN37: Upgrade Network | AO37: Upgrade Network | AP37: Permenent | AQ37: No | AR37: - | AS37: 1:2 | AT37: 23mm depth for 24hr | AU37: 1:5 | AV37: 47mm depth for 24hr | AW37: the information will be provided by end of next week | AX37: the information will be provided by end of next week | AY37: 46388 | AZ37: 47088 | BA37: Design phase | BB37: Yes | BC37: - | BD37: - | BE37: Not Started | BF37: AAI | BG37: =IF(A37="","",AND(TRIM(G37&"")<>"",UPPER(TRIM(G37&""))<>"NO")) -> TRUE | BH37: =IF(J37="","",IF(ISNUMBER(SEARCH("absen",J37)),"Absence of Drainage Network",IF(OR(ISNUMBER(SEARCH("design",J37)),ISNUMBER(SEARCH("capacity",J37))),"Inadequate Design Capacity",IF(OR(ISNUMBER(SEARCH("upgrade",J37)),ISNUMBER(SEARCH("network",J37)),ISNUMBER(SEARCH("topog",J37)),ISNUMBER(SEARCH("road",J37))),"Topography & Road Engineering","CHECK - map manually")))) -> Inadequate Design Capacity | BI37: =IF(A37="","",AND(UPPER(TRIM(BF37&""))="IDD",OR(TRIM(AN37&"")<>"",TRIM(AY37&"")<>"",TRIM(AZ37&"")<>""))) -> FALSE | BJ37: =IF(A37="","",IF(ISNUMBER(AZ37),AZ37,"CLIENT INPUT REQUIRED")) -> 47088 | BK37: =IF(A37="","",IF(BI37<>TRUE(),"No specific plan",IF(ISNUMBER(BJ37),IF(BJ37<'Exec Summary'!$C$4,"Resolved before Feb 2027","Resolved after Feb 2027"),"CLIENT INPUT REQUIRED"))) -> No specific plan
A38: 35 | B38: Al Jimi | C38: 47-7 Al Bahaa St, Al Jimi - Al Mraijeb | D38: 24.262838 | E38: 55.728161 | F38: Very High | G38: Not Applicable / Not identified | I38: Yes | J38: Inadequate Design Capacity | K38: Existing or nearby drainage arrangements at 47-7 Al Bahaa St, Al Jimi - Al Mraijeb require pumping support during storm events, indicating insufficient conveyance/storage capacity for peak runoff. | AM38: Yes | AN38: Upgrade Network | AO38: Upgrade Network | AP38: Permenent | AQ38: No | AR38: - | AS38: 1:2 | AT38: 23mm depth for 24hr | AU38: 1:5 | AV38: 47mm depth for 24hr | AW38: the information will be provided by end of next week | AX38: the information will be provided by end of next week | AY38: 45658 | AZ38: 46357 | BA38: Implementation phase | BB38: Yes | BC38: 46117 | BD38: - | BE38: On Track | BF38: AAI | BG38: =IF(A38="","",AND(TRIM(G38&"")<>"",UPPER(TRIM(G38&""))<>"NO")) -> TRUE | BH38: =IF(J38="","",IF(ISNUMBER(SEARCH("absen",J38)),"Absence of Drainage Network",IF(OR(ISNUMBER(SEARCH("design",J38)),ISNUMBER(SEARCH("capacity",J38))),"Inadequate Design Capacity",IF(OR(ISNUMBER(SEARCH("upgrade",J38)),ISNUMBER(SEARCH("network",J38)),ISNUMBER(SEARCH("topog",J38)),ISNUMBER(SEARCH("road",J38))),"Topography & Road Engineering","CHECK - map manually")))) -> Inadequate Design Capacity | BI38: =IF(A38="","",AND(UPPER(TRIM(BF38&""))="IDD",OR(TRIM(AN38&"")<>"",TRIM(AY38&"")<>"",TRIM(AZ38&"")<>""))) -> FALSE | BJ38: =IF(A38="","",IF(ISNUMBER(AZ38),AZ38,"CLIENT INPUT REQUIRED")) -> 46357 | BK38: =IF(A38="","",IF(BI38<>TRUE(),"No specific plan",IF(ISNUMBER(BJ38),IF(BJ38<'Exec Summary'!$C$4,"Resolved before Feb 2027","Resolved after Feb 2027"),"CLIENT INPUT REQUIRED"))) -> No specific plan
A39: 36 | B39: Al Jimi | C39: Hazza Bin Sultan Staduim Tunnel, Zayed The First St | D39: 24.242358 | E39: 55.719438 | F39: Very High | G39: Applicable with (AACM) | I39: Yes | J39: Inadequate Design Capacity | K39: Existing or nearby drainage arrangements at Hazza Bin Sultan Staduim Tunnel, Zayed The First St require pumping support during storm events, indicating insufficient conveyance/storage capacity for peak runoff. Discharge point is nearest Wadi | AM39: Yes | AN39: Upgrade Underpass drainage system | AO39: Upgrade Underpass drainage system | AP39: Permenent | AQ39: No | AR39: - | AS39: 1:2 | AT39: 23mm depth for 24hr | AU39: 1:50 | AV39: 105mm depth for 24hr | AW39: the information will be provided by end of next week | AX39: the information will be provided by end of next week | AY39: 46419 | AZ39: 46753 | BA39: Design phase | BB39: Yes | BC39: - | BD39: - | BE39: Not Started | BF39: AAI | BG39: =IF(A39="","",AND(TRIM(G39&"")<>"",UPPER(TRIM(G39&""))<>"NO")) -> TRUE | BH39: =IF(J39="","",IF(ISNUMBER(SEARCH("absen",J39)),"Absence of Drainage Network",IF(OR(ISNUMBER(SEARCH("design",J39)),ISNUMBER(SEARCH("capacity",J39))),"Inadequate Design Capacity",IF(OR(ISNUMBER(SEARCH("upgrade",J39)),ISNUMBER(SEARCH("network",J39)),ISNUMBER(SEARCH("topog",J39)),ISNUMBER(SEARCH("road",J39))),"Topography & Road Engineering","CHECK - map manually")))) -> Inadequate Design Capacity | BI39: =IF(A39="","",AND(UPPER(TRIM(BF39&""))="IDD",OR(TRIM(AN39&"")<>"",TRIM(AY39&"")<>"",TRIM(AZ39&"")<>""))) -> FALSE | BJ39: =IF(A39="","",IF(ISNUMBER(AZ39),AZ39,"CLIENT INPUT REQUIRED")) -> 46753 | BK39: =IF(A39="","",IF(BI39<>TRUE(),"No specific plan",IF(ISNUMBER(BJ39),IF(BJ39<'Exec Summary'!$C$4,"Resolved before Feb 2027","Resolved after Feb 2027"),"CLIENT INPUT REQUIRED"))) -> No specific plan
A40: 37 | B40: Al Jimi | C40: Mohammed Bin Khalifa St, Al Jimi | D40: 24.249913 | E40: 55.753203 | F40: Very High | G40: Applicable with (AACM) | I40: Yes | J40: Inadequate Design Capacity | K40: Existing or nearby drainage arrangements at Mohammed Bin Khalifa St, Al Jimi require pumping support during storm events, indicating insufficient conveyance/storage capacity for peak runoff. | AM40: Yes | AN40: Upgrade Network | AO40: Upgrade Network | AP40: Permenent | AQ40: No | AR40: - | AS40: 1:2 | AT40: 23mm depth for 24hr | AU40: 1:5 | AV40: 47mm depth for 24hr | AW40: the information will be provided by end of next week | AX40: the information will be provided by end of next week | AY40: 46388 | AZ40: 46905 | BA40: Design phase | BB40: Yes | BC40: - | BD40: - | BE40: Not Started | BF40: AAI | BG40: =IF(A40="","",AND(TRIM(G40&"")<>"",UPPER(TRIM(G40&""))<>"NO")) -> TRUE | BH40: =IF(J40="","",IF(ISNUMBER(SEARCH("absen",J40)),"Absence of Drainage Network",IF(OR(ISNUMBER(SEARCH("design",J40)),ISNUMBER(SEARCH("capacity",J40))),"Inadequate Design Capacity",IF(OR(ISNUMBER(SEARCH("upgrade",J40)),ISNUMBER(SEARCH("network",J40)),ISNUMBER(SEARCH("topog",J40)),ISNUMBER(SEARCH("road",J40))),"Topography & Road Engineering","CHECK - map manually")))) -> Inadequate Design Capacity | BI40: =IF(A40="","",AND(UPPER(TRIM(BF40&""))="IDD",OR(TRIM(AN40&"")<>"",TRIM(AY40&"")<>"",TRIM(AZ40&"")<>""))) -> FALSE | BJ40: =IF(A40="","",IF(ISNUMBER(AZ40),AZ40,"CLIENT INPUT REQUIRED")) -> 46905 | BK40: =IF(A40="","",IF(BI40<>TRUE(),"No specific plan",IF(ISNUMBER(BJ40),IF(BJ40<'Exec Summary'!$C$4,"Resolved before Feb 2027","Resolved after Feb 2027"),"CLIENT INPUT REQUIRED"))) -> No specific plan
A41: 38 | B41: Al Jimi | C41: Al Muwaijʹi St, Al Jimi - Civic Center | D41: 24.240079 | E41: 55.730489 | F41: Very High | G41: Applicable with (AACM) | I41: No | J41: Absence of Drainage Network | K41: Existing Gullies only not connected to the network at Al Muwaijʹi St, Al Jimi - Civic Center require pumping support during storm events, indicating insufficient conveyance/storage capacity for peak runoff. | AM41: Yes | AN41: Upgrade Network | AO41: Upgrade Network | AP41: Permenent | AQ41: No | AR41: - | AS41: 1:2 | AT41: 23mm depth for 24hr | AU41: 1:5 | AV41: 47mm depth for 24hr | AW41: the information will be provided by end of next week | AX41: the information will be provided by end of next week | AY41: 45658 | AZ41: 46357 | BA41: Implementation phase | BB41: Yes | BC41: 46266 | BD41: - | BE41: On Tack | BF41: AAI | BG41: =IF(A41="","",AND(TRIM(G41&"")<>"",UPPER(TRIM(G41&""))<>"NO")) -> TRUE | BH41: =IF(J41="","",IF(ISNUMBER(SEARCH("absen",J41)),"Absence of Drainage Network",IF(OR(ISNUMBER(SEARCH("design",J41)),ISNUMBER(SEARCH("capacity",J41))),"Inadequate Design Capacity",IF(OR(ISNUMBER(SEARCH("upgrade",J41)),ISNUMBER(SEARCH("network",J41)),ISNUMBER(SEARCH("topog",J41)),ISNUMBER(SEARCH("road",J41))),"Topography & Road Engineering","CHECK - map manually")))) -> Absence of Drainage Network | BI41: =IF(A41="","",AND(UPPER(TRIM(BF41&""))="IDD",OR(TRIM(AN41&"")<>"",TRIM(AY41&"")<>"",TRIM(AZ41&"")<>""))) -> FALSE | BJ41: =IF(A41="","",IF(ISNUMBER(AZ41),AZ41,"CLIENT INPUT REQUIRED")) -> 46357 | BK41: =IF(A41="","",IF(BI41<>TRUE(),"No specific plan",IF(ISNUMBER(BJ41),IF(BJ41<'Exec Summary'!$C$4,"Resolved before Feb 2027","Resolved after Feb 2027"),"CLIENT INPUT REQUIRED"))) -> No specific plan
A42: 39 | B42: Al Jimi | C42: Civic Center, Al Jimi | D42: 24.237337 | E42: 55.737694 | F42: Very High | G42: Applicable with (AACM) | I42: Yes | J42: Inadequate Design Capacity | K42: Existing or nearby drainage arrangements at Civic Center, Al Jimi require pumping support during storm events, indicating insufficient conveyance/storage capacity for peak runoff. Discharge point is nearest Wadi | AM42: Yes | AN42: Upgrade Network | AO42: Upgrade Network | AP42: Permenent | AQ42: No | AR42: - | AS42: 1:2 | AT42: 23mm depth for 24hr | AU42: 1:5 | AV42: 47mm depth for 24hr | AW42: the information will be provided by end of next week | AX42: the information will be provided by end of next week | AY42: 45658 | AZ42: 46357 | BA42: Implementation phase | BB42: Yes | BC42: - | BD42: - | BE42: Not Started | BF42: AAI | BG42: =IF(A42="","",AND(TRIM(G42&"")<>"",UPPER(TRIM(G42&""))<>"NO")) -> TRUE | BH42: =IF(J42="","",IF(ISNUMBER(SEARCH("absen",J42)),"Absence of Drainage Network",IF(OR(ISNUMBER(SEARCH("design",J42)),ISNUMBER(SEARCH("capacity",J42))),"Inadequate Design Capacity",IF(OR(ISNUMBER(SEARCH("upgrade",J42)),ISNUMBER(SEARCH("network",J42)),ISNUMBER(SEARCH("topog",J42)),ISNUMBER(SEARCH("road",J42))),"Topography & Road Engineering","CHECK - map manually")))) -> Inadequate Design Capacity | BI42: =IF(A42="","",AND(UPPER(TRIM(BF42&""))="IDD",OR(TRIM(AN42&"")<>"",TRIM(AY42&"")<>"",TRIM(AZ42&"")<>""))) -> FALSE | BJ42: =IF(A42="","",IF(ISNUMBER(AZ42),AZ42,"CLIENT INPUT REQUIRED")) -> 46357 | BK42: =IF(A42="","",IF(BI42<>TRUE(),"No specific plan",IF(ISNUMBER(BJ42),IF(BJ42<'Exec Summary'!$C$4,"Resolved before Feb 2027","Resolved after Feb 2027"),"CLIENT INPUT REQUIRED"))) -> No specific plan
A43: 40 | B43: Al Jimi | C43: Ugdat Al Ameriya, Al Jimi | D43: 24.245604 | E43: 55.722642 | F43: Very High | G43: Applicable with (AACM) | I43: Yes | J43: Inadequate Design Capacity | K43: Existing or nearby drainage arrangements at Ugdat Al Ameriya, Al Jimi require pumping support during storm events, indicating insufficient conveyance/storage capacity for peak runoff. Discharge point is nearest Wadi | AM43: Yes | AN43: Upgrade Network | AO43: Upgrade Network | AP43: Permenent | AQ43: No | AR43: - | AS43: 1:2 | AT43: 23mm depth for 24hr | AU43: 1:5 | AV43: 47mm depth for 24hr | AW43: the information will be provided by end of next week | AX43: the information will be provided by end of next week | AY43: 46388 | AZ43: 47088 | BA43: Design phase | BB43: Yes | BC43: - | BD43: - | BE43: Not Started | BF43: AAI | BG43: =IF(A43="","",AND(TRIM(G43&"")<>"",UPPER(TRIM(G43&""))<>"NO")) -> TRUE | BH43: =IF(J43="","",IF(ISNUMBER(SEARCH("absen",J43)),"Absence of Drainage Network",IF(OR(ISNUMBER(SEARCH("design",J43)),ISNUMBER(SEARCH("capacity",J43))),"Inadequate Design Capacity",IF(OR(ISNUMBER(SEARCH("upgrade",J43)),ISNUMBER(SEARCH("network",J43)),ISNUMBER(SEARCH("topog",J43)),ISNUMBER(SEARCH("road",J43))),"Topography & Road Engineering","CHECK - map manually")))) -> Inadequate Design Capacity | BI43: =IF(A43="","",AND(UPPER(TRIM(BF43&""))="IDD",OR(TRIM(AN43&"")<>"",TRIM(AY43&"")<>"",TRIM(AZ43&"")<>""))) -> FALSE | BJ43: =IF(A43="","",IF(ISNUMBER(AZ43),AZ43,"CLIENT INPUT REQUIRED")) -> 47088 | BK43: =IF(A43="","",IF(BI43<>TRUE(),"No specific plan",IF(ISNUMBER(BJ43),IF(BJ43<'Exec Summary'!$C$4,"Resolved before Feb 2027","Resolved after Feb 2027"),"CLIENT INPUT REQUIRED"))) -> No specific plan
A44: 41 | B44: Al Khibeesi | C44: 28-56 AI Lammah St, Al Khibeesi - Al Naseriyya | D44: 24.22911 | E44: 55.681988 | F44: High | G44: Applicable with (AACM) | I44: Yes | J44: Inadequate Design Capacity | K44: Existing or nearby drainage arrangements at 28-56 AI Lammah St, Al Khibeesi - Al Naseriyya require pumping support during storm events, indicating insufficient conveyance/storage capacity for peak runoff. Discharge point is nearest Wadi | P44: 0 | Z44: 0 | AA44: 4 | AB44: 20000 | AM44: Yes | AN44: Upgrade Network | AO44: Upgrade Network | AP44: Permenent | AQ44: No | AR44: - | AS44: 1:2 | AT44: 23mm depth for 24hr | AU44: 1:5 | AV44: 47mm depth for 24hr | AW44: the information will be provided by end of next week | AX44: the information will be provided by end of next week | AY44: 45658 | AZ44: 46357 | BA44: Implementation phase | BB44: Yes | BC44: 46023 | BD44: - | BE44: On Tack | BF44: AAI | BG44: =IF(A44="","",AND(TRIM(G44&"")<>"",UPPER(TRIM(G44&""))<>"NO")) -> TRUE | BH44: =IF(J44="","",IF(ISNUMBER(SEARCH("absen",J44)),"Absence of Drainage Network",IF(OR(ISNUMBER(SEARCH("design",J44)),ISNUMBER(SEARCH("capacity",J44))),"Inadequate Design Capacity",IF(OR(ISNUMBER(SEARCH("upgrade",J44)),ISNUMBER(SEARCH("network",J44)),ISNUMBER(SEARCH("topog",J44)),ISNUMBER(SEARCH("road",J44))),"Topography & Road Engineering","CHECK - map manually")))) -> Inadequate Design Capacity | BI44: =IF(A44="","",AND(UPPER(TRIM(BF44&""))="IDD",OR(TRIM(AN44&"")<>"",TRIM(AY44&"")<>"",TRIM(AZ44&"")<>""))) -> FALSE | BJ44: =IF(A44="","",IF(ISNUMBER(AZ44),AZ44,"CLIENT INPUT REQUIRED")) -> 46357 | BK44: =IF(A44="","",IF(BI44<>TRUE(),"No specific plan",IF(ISNUMBER(BJ44),IF(BJ44<'Exec Summary'!$C$4,"Resolved before Feb 2027","Resolved after Feb 2027"),"CLIENT INPUT REQUIRED"))) -> No specific plan
A45: 42 | B45: Al Khibeesi | C45: Al Zaafaran, Al Khibeesi | D45: 24.238962 | E45: 55.708088 | F45: High | G45: Not Applicable / Not identified | I45: Yes | J45: Inadequate Design Capacity | K45: Existing or nearby drainage arrangements at Al Zaafaran, Al Khibeesi require pumping support during storm events, indicating insufficient conveyance/storage capacity for peak runoff. Discharge point is nearest Wadi | AM45: No | AN45: Based on future design | AO45: Based on future design | AP45: Permenent | AQ45: No | AR45: - | AS45: 1:2 | AT45: 23mm depth for 24hr | AU45: Based on future design | AV45: Based on future design | AW45: the information will be provided by end of next week | AX45: the information will be provided by end of next week | AY45: future project | AZ45: future project | BA45: future project | BB45: No | BC45: - | BD45: - | BE45: Not Started | BF45: AAI | BG45: =IF(A45="","",AND(TRIM(G45&"")<>"",UPPER(TRIM(G45&""))<>"NO")) -> TRUE | BH45: =IF(J45="","",IF(ISNUMBER(SEARCH("absen",J45)),"Absence of Drainage Network",IF(OR(ISNUMBER(SEARCH("design",J45)),ISNUMBER(SEARCH("capacity",J45))),"Inadequate Design Capacity",IF(OR(ISNUMBER(SEARCH("upgrade",J45)),ISNUMBER(SEARCH("network",J45)),ISNUMBER(SEARCH("topog",J45)),ISNUMBER(SEARCH("road",J45))),"Topography & Road Engineering","CHECK - map manually")))) -> Inadequate Design Capacity | BI45: =IF(A45="","",AND(UPPER(TRIM(BF45&""))="IDD",OR(TRIM(AN45&"")<>"",TRIM(AY45&"")<>"",TRIM(AZ45&"")<>""))) -> FALSE | BJ45: =IF(A45="","",IF(ISNUMBER(AZ45),AZ45,"CLIENT INPUT REQUIRED")) -> CLIENT INPUT REQUIRED | BK45: =IF(A45="","",IF(BI45<>TRUE(),"No specific plan",IF(ISNUMBER(BJ45),IF(BJ45<'Exec Summary'!$C$4,"Resolved before Feb 2027","Resolved after Feb 2027"),"CLIENT INPUT REQUIRED"))) -> No specific plan
A46: 43 | B46: Al Khibeesi (Emergency plan with Al Dar) | C46: Al Meryal, Al Khibeesi Area | D46: 24.235229 | E46: 55.69829 | F46: High | G46: Not Applicable / Not identified | I46: Yes | J46: Inadequate Design Capacity | K46: Existing or nearby drainage arrangements at Al Meryal, Al Khibeesi Area require pumping support during storm events, indicating insufficient conveyance/storage capacity for peak runoff. | AM46: Yes | AN46: New Network | AO46: New Network | AP46: Permenent | AQ46: No | AR46: - | AS46: 1:2 | AT46: 23mm depth for 24hr | AU46: 1:5 | AV46: 47mm depth for 24hr | AW46: the information will be provided by end of next week | AX46: the information will be provided by end of next week | AY46: under construction | AZ46: under construction | BA46: Implementation phase | BB46: Yes | BC46: - | BD46: - | BE46: On Track | BF46: AlDar | BG46: =IF(A46="","",AND(TRIM(G46&"")<>"",UPPER(TRIM(G46&""))<>"NO")) -> TRUE | BH46: =IF(J46="","",IF(ISNUMBER(SEARCH("absen",J46)),"Absence of Drainage Network",IF(OR(ISNUMBER(SEARCH("design",J46)),ISNUMBER(SEARCH("capacity",J46))),"Inadequate Design Capacity",IF(OR(ISNUMBER(SEARCH("upgrade",J46)),ISNUMBER(SEARCH("network",J46)),ISNUMBER(SEARCH("topog",J46)),ISNUMBER(SEARCH("road",J46))),"Topography & Road Engineering","CHECK - map manually")))) -> Inadequate Design Capacity | BI46: =IF(A46="","",AND(UPPER(TRIM(BF46&""))="IDD",OR(TRIM(AN46&"")<>"",TRIM(AY46&"")<>"",TRIM(AZ46&"")<>""))) -> FALSE | BJ46: =IF(A46="","",IF(ISNUMBER(AZ46),AZ46,"CLIENT INPUT REQUIRED")) -> CLIENT INPUT REQUIRED | BK46: =IF(A46="","",IF(BI46<>TRUE(),"No specific plan",IF(ISNUMBER(BJ46),IF(BJ46<'Exec Summary'!$C$4,"Resolved before Feb 2027","Resolved after Feb 2027"),"CLIENT INPUT REQUIRED"))) -> No specific plan
A47: 44 | B47: Al Maqam & Asharej (to be rais to injazz) | C47: Shabiyat Al Maqam, Al Maqam | D47: 24.181427 | E47: 55.599037 | F47: Very High | G47: Applicable with (AACM) | I47: Yes | J47: Inadequate Design Capacity | K47: Existing Gullies not connected to the network or nearby drainage arrangements at Shabiyat Al Maqam, Al Maqam require pumping support during storm events, Discharge point is nearest Wadi | P47: 6 | Z47: 30000 | AA47: 4 | AB47: 20000 | AM47: No | AN47: Based on future design | AO47: Based on future design | AP47: Permenent | AQ47: No | AR47: - | AS47: 1:2 | AT47: 23mm depth for 24hr | AU47: Based on future design | AV47: Based on future design | AW47: the information will be provided by end of next week | AX47: the information will be provided by end of next week | AY47: future project | AZ47: future project | BA47: future project | BB47: No | BC47: - | BD47: - | BE47: Not Started | BF47: AAI | BG47: =IF(A47="","",AND(TRIM(G47&"")<>"",UPPER(TRIM(G47&""))<>"NO")) -> TRUE | BH47: =IF(J47="","",IF(ISNUMBER(SEARCH("absen",J47)),"Absence of Drainage Network",IF(OR(ISNUMBER(SEARCH("design",J47)),ISNUMBER(SEARCH("capacity",J47))),"Inadequate Design Capacity",IF(OR(ISNUMBER(SEARCH("upgrade",J47)),ISNUMBER(SEARCH("network",J47)),ISNUMBER(SEARCH("topog",J47)),ISNUMBER(SEARCH("road",J47))),"Topography & Road Engineering","CHECK - map manually")))) -> Inadequate Design Capacity | BI47: =IF(A47="","",AND(UPPER(TRIM(BF47&""))="IDD",OR(TRIM(AN47&"")<>"",TRIM(AY47&"")<>"",TRIM(AZ47&"")<>""))) -> FALSE | BJ47: =IF(A47="","",IF(ISNUMBER(AZ47),AZ47,"CLIENT INPUT REQUIRED")) -> CLIENT INPUT REQUIRED | BK47: =IF(A47="","",IF(BI47<>TRUE(),"No specific plan",IF(ISNUMBER(BJ47),IF(BJ47<'Exec Summary'!$C$4,"Resolved before Feb 2027","Resolved after Feb 2027"),"CLIENT INPUT REQUIRED"))) -> No specific plan
A48: 45 | B48: Al Maqam & Asharej | C48: Al Maqam - Shabiyat Al Maqam | D48: 24.179916 | E48: 55.605125 | F48: Very High | G48: Applicable with (AACM) | I48: Yes | J48: Inadequate Design Capacity | K48: Existing or nearby drainage arrangements at Al Maqam - Shabiyat Al Maqam require pumping support during storm events, indicating insufficient conveyance/storage capacity for peak runoff. Discharge point is nearest Wadi | AM48: Yes | AN48: Upgrade Network | AO48: Upgrade Network | AP48: Permenent | AQ48: No | AR48: - | AS48: 1:2 | AT48: 23mm depth for 24hr | AU48: 1:5 | AV48: 47mm depth for 24hr | AW48: the information will be provided by end of next week | AX48: the information will be provided by end of next week | AY48: 46388 | AZ48: 47088 | BA48: Design phase | BB48: Yes | BC48: - | BD48: - | BE48: Not Started | BF48: AAI | BG48: =IF(A48="","",AND(TRIM(G48&"")<>"",UPPER(TRIM(G48&""))<>"NO")) -> TRUE | BH48: =IF(J48="","",IF(ISNUMBER(SEARCH("absen",J48)),"Absence of Drainage Network",IF(OR(ISNUMBER(SEARCH("design",J48)),ISNUMBER(SEARCH("capacity",J48))),"Inadequate Design Capacity",IF(OR(ISNUMBER(SEARCH("upgrade",J48)),ISNUMBER(SEARCH("network",J48)),ISNUMBER(SEARCH("topog",J48)),ISNUMBER(SEARCH("road",J48))),"Topography & Road Engineering","CHECK - map manually")))) -> Inadequate Design Capacity | BI48: =IF(A48="","",AND(UPPER(TRIM(BF48&""))="IDD",OR(TRIM(AN48&"")<>"",TRIM(AY48&"")<>"",TRIM(AZ48&"")<>""))) -> FALSE | BJ48: =IF(A48="","",IF(ISNUMBER(AZ48),AZ48,"CLIENT INPUT REQUIRED")) -> 47088 | BK48: =IF(A48="","",IF(BI48<>TRUE(),"No specific plan",IF(ISNUMBER(BJ48),IF(BJ48<'Exec Summary'!$C$4,"Resolved before Feb 2027","Resolved after Feb 2027"),"CLIENT INPUT REQUIRED"))) -> No specific plan
A49: 46 | B49: Al Maqam & Asharej | C49: Al Urjuwan St, Al Maqam - Shabiyat Al Maqam | D49: 24.181131 | E49: 55.613922 | F49: Very High | G49: Applicable with (AACM) | I49: Yes | J49: Inadequate Design Capacity | K49: Existing or nearby drainage arrangements at Al Urjuwan St, Al Maqam - Shabiyat Al Maqam require pumping support during storm events, indicating insufficient conveyance/storage capacity for peak runoff. | AM49: Yes | AN49: Upgrade Network | AO49: Upgrade Network | AP49: Permenent | AQ49: No | AR49: - | AS49: 1:2 | AT49: 23mm depth for 24hr | AU49: 1:5 | AV49: 47mm depth for 24hr | AW49: the information will be provided by end of next week | AX49: the information will be provided by end of next week | AY49: 46388 | AZ49: 47088 | BA49: Design phase | BB49: Yes | BC49: - | BD49: - | BE49: Not Started | BF49: AAI | BG49: =IF(A49="","",AND(TRIM(G49&"")<>"",UPPER(TRIM(G49&""))<>"NO")) -> TRUE | BH49: =IF(J49="","",IF(ISNUMBER(SEARCH("absen",J49)),"Absence of Drainage Network",IF(OR(ISNUMBER(SEARCH("design",J49)),ISNUMBER(SEARCH("capacity",J49))),"Inadequate Design Capacity",IF(OR(ISNUMBER(SEARCH("upgrade",J49)),ISNUMBER(SEARCH("network",J49)),ISNUMBER(SEARCH("topog",J49)),ISNUMBER(SEARCH("road",J49))),"Topography & Road Engineering","CHECK - map manually")))) -> Inadequate Design Capacity | BI49: =IF(A49="","",AND(UPPER(TRIM(BF49&""))="IDD",OR(TRIM(AN49&"")<>"",TRIM(AY49&"")<>"",TRIM(AZ49&"")<>""))) -> FALSE | BJ49: =IF(A49="","",IF(ISNUMBER(AZ49),AZ49,"CLIENT INPUT REQUIRED")) -> 47088 | BK49: =IF(A49="","",IF(BI49<>TRUE(),"No specific plan",IF(ISNUMBER(BJ49),IF(BJ49<'Exec Summary'!$C$4,"Resolved before Feb 2027","Resolved after Feb 2027"),"CLIENT INPUT REQUIRED"))) -> No specific plan
A50: 47 | B50: Al Maqam & Asharej (to be check or to removed) | C50: Al Yasat St. Shabiyat Al Maqam, Al Maqam | D50: 24.189088 | E50: 55.631766 | F50: Very High | G50: Not Applicable / Not identified | I50: Yes | J50: Inadequate Design Capacity | K50: Existing or nearby drainage arrangements at Al Yasat St. Shabiyat Al Maqam, Al Maqam require pumping support during storm events, indicating insufficient conveyance/storage capacity for peak runoff. Discharge point is nearest Wadi | AM50: Yes | AN50: Upgrade Network | AO50: Upgrade Network | AP50: Permenent | AQ50: No | AR50: - | AS50: 1:2 | AT50: 23mm depth for 24hr | AU50: 1:5 | AV50: 47mm depth for 24hr | AW50: the information will be provided by end of next week | AX50: the information will be provided by end of next week | AY50: 46388 | AZ50: 47088 | BA50: Design phase | BB50: Yes | BC50: - | BD50: - | BE50: Not Started | BF50: AAI | BG50: =IF(A50="","",AND(TRIM(G50&"")<>"",UPPER(TRIM(G50&""))<>"NO")) -> TRUE | BH50: =IF(J50="","",IF(ISNUMBER(SEARCH("absen",J50)),"Absence of Drainage Network",IF(OR(ISNUMBER(SEARCH("design",J50)),ISNUMBER(SEARCH("capacity",J50))),"Inadequate Design Capacity",IF(OR(ISNUMBER(SEARCH("upgrade",J50)),ISNUMBER(SEARCH("network",J50)),ISNUMBER(SEARCH("topog",J50)),ISNUMBER(SEARCH("road",J50))),"Topography & Road Engineering","CHECK - map manually")))) -> Inadequate Design Capacity | BI50: =IF(A50="","",AND(UPPER(TRIM(BF50&""))="IDD",OR(TRIM(AN50&"")<>"",TRIM(AY50&"")<>"",TRIM(AZ50&"")<>""))) -> FALSE | BJ50: =IF(A50="","",IF(ISNUMBER(AZ50),AZ50,"CLIENT INPUT REQUIRED")) -> 47088 | BK50: =IF(A50="","",IF(BI50<>TRUE(),"No specific plan",IF(ISNUMBER(BJ50),IF(BJ50<'Exec Summary'!$C$4,"Resolved before Feb 2027","Resolved after Feb 2027"),"CLIENT INPUT REQUIRED"))) -> No specific plan
A51: 48 | B51: Al Maqam & Asharej | C51: 151-149 Al Jawharah St, 'Asharij - Al Dafeinah | D51: 24.214253 | E51: 55.676398 | F51: Very High | G51: Applicable with (AACM) | I51: Yes | J51: Inadequate Design Capacity | K51: Existing or nearby drainage arrangements at 151-149 Al Jawharah St, 'Asharij - Al Dafeinah require pumping support during storm events, indicating insufficient conveyance/storage capacity for peak runoff. Discharge point is nearest Wadi | AM51: No | AN51: Based on future design | AO51: Based on future design | AP51: Permenent | AQ51: No | AR51: - | AS51: 1:2 | AT51: 23mm depth for 24hr | AU51: Based on future design | AV51: Based on future design | AW51: the information will be provided by end of next week | AX51: the information will be provided by end of next week | AY51: future project | AZ51: future project | BA51: future project | BB51: No | BC51: - | BD51: - | BE51: Not Started | BF51: AAI | BG51: =IF(A51="","",AND(TRIM(G51&"")<>"",UPPER(TRIM(G51&""))<>"NO")) -> TRUE | BH51: =IF(J51="","",IF(ISNUMBER(SEARCH("absen",J51)),"Absence of Drainage Network",IF(OR(ISNUMBER(SEARCH("design",J51)),ISNUMBER(SEARCH("capacity",J51))),"Inadequate Design Capacity",IF(OR(ISNUMBER(SEARCH("upgrade",J51)),ISNUMBER(SEARCH("network",J51)),ISNUMBER(SEARCH("topog",J51)),ISNUMBER(SEARCH("road",J51))),"Topography & Road Engineering","CHECK - map manually")))) -> Inadequate Design Capacity | BI51: =IF(A51="","",AND(UPPER(TRIM(BF51&""))="IDD",OR(TRIM(AN51&"")<>"",TRIM(AY51&"")<>"",TRIM(AZ51&"")<>""))) -> FALSE | BJ51: =IF(A51="","",IF(ISNUMBER(AZ51),AZ51,"CLIENT INPUT REQUIRED")) -> CLIENT INPUT REQUIRED | BK51: =IF(A51="","",IF(BI51<>TRUE(),"No specific plan",IF(ISNUMBER(BJ51),IF(BJ51<'Exec Summary'!$C$4,"Resolved before Feb 2027","Resolved after Feb 2027"),"CLIENT INPUT REQUIRED"))) -> No specific plan
A52: 49 | B52: Al Maqam & Asharej | C52: Tawam Tunnel, Shabhanat Asharej, Al Muwaij'i | D52: 24.194764 | E52: 55.655009 | F52: Very High | G52: Not Applicable / Not identified | I52: Yes | J52: Inadequate Design Capacity | K52: Existing or nearby drainage arrangements at Tawam Tunnel, Shabhanat Asharej, Al Muwaij'i require pumping support during storm events, indicating insufficient conveyance/storage capacity for peak runoff. | AM52: Yes | AN52: Upgrade Network | AO52: Upgrade Network | AP52: Permenent | AQ52: No | AR52: - | AS52: 1:2 | AT52: 23mm depth for 24hr | AU52: 1:5 | AV52: 47mm depth for 24hr | AW52: the information will be provided by end of next week | AX52: the information will be provided by end of next week | AY52: completed | AZ52: completed | BA52: Hand Over Phase | BB52: Yes | BC52: Completed | BD52: Completed | BE52: Completed | BF52: AAI | BG52: =IF(A52="","",AND(TRIM(G52&"")<>"",UPPER(TRIM(G52&""))<>"NO")) -> TRUE | BH52: =IF(J52="","",IF(ISNUMBER(SEARCH("absen",J52)),"Absence of Drainage Network",IF(OR(ISNUMBER(SEARCH("design",J52)),ISNUMBER(SEARCH("capacity",J52))),"Inadequate Design Capacity",IF(OR(ISNUMBER(SEARCH("upgrade",J52)),ISNUMBER(SEARCH("network",J52)),ISNUMBER(SEARCH("topog",J52)),ISNUMBER(SEARCH("road",J52))),"Topography & Road Engineering","CHECK - map manually")))) -> Inadequate Design Capacity | BI52: =IF(A52="","",AND(UPPER(TRIM(BF52&""))="IDD",OR(TRIM(AN52&"")<>"",TRIM(AY52&"")<>"",TRIM(AZ52&"")<>""))) -> FALSE | BJ52: =IF(A52="","",IF(ISNUMBER(AZ52),AZ52,"CLIENT INPUT REQUIRED")) -> CLIENT INPUT REQUIRED | BK52: =IF(A52="","",IF(BI52<>TRUE(),"No specific plan",IF(ISNUMBER(BJ52),IF(BJ52<'Exec Summary'!$C$4,"Resolved before Feb 2027","Resolved after Feb 2027"),"CLIENT INPUT REQUIRED"))) -> No specific plan
A53: 50 | B53: Al Maqam & Asharej (to be added the tankers) | C53: Asharej Tunnel, Khalifa Bin Zayed St, | D53: 24.207734 | E53: 55.686855 | F53: Very High | G53: Not Applicable / Not identified | I53: Yes | J53: Inadequate Design Capacity | K53: Existing or nearby drainage arrangements at Asharej Tunnel, Khalifa Bin Zayed St, require pumping support during storm events, indicating insufficient conveyance/storage capacity for peak runoff. | AM53: Yes | AN53: Upgrade Network | AO53: Upgrade Network | AP53: Permenent | AQ53: No | AR53: - | AS53: 1:2 | AT53: 23mm depth for 24hr | AU53: 1:5 | AV53: 47mm depth for 24hr | AW53: the information will be provided by end of next week | AX53: the information will be provided by end of next week | AY53: 43739 | AZ53: 44166 | BA53: Hand Over Phase | BB53: Yes | BC53: Completed | BD53: Completed | BE53: Completed | BF53: AAM | BG53: =IF(A53="","",AND(TRIM(G53&"")<>"",UPPER(TRIM(G53&""))<>"NO")) -> TRUE | BH53: =IF(J53="","",IF(ISNUMBER(SEARCH("absen",J53)),"Absence of Drainage Network",IF(OR(ISNUMBER(SEARCH("design",J53)),ISNUMBER(SEARCH("capacity",J53))),"Inadequate Design Capacity",IF(OR(ISNUMBER(SEARCH("upgrade",J53)),ISNUMBER(SEARCH("network",J53)),ISNUMBER(SEARCH("topog",J53)),ISNUMBER(SEARCH("road",J53))),"Topography & Road Engineering","CHECK - map manually")))) -> Inadequate Design Capacity | BI53: =IF(A53="","",AND(UPPER(TRIM(BF53&""))="IDD",OR(TRIM(AN53&"")<>"",TRIM(AY53&"")<>"",TRIM(AZ53&"")<>""))) -> FALSE | BJ53: =IF(A53="","",IF(ISNUMBER(AZ53),AZ53,"CLIENT INPUT REQUIRED")) -> 44166 | BK53: =IF(A53="","",IF(BI53<>TRUE(),"No specific plan",IF(ISNUMBER(BJ53),IF(BJ53<'Exec Summary'!$C$4,"Resolved before Feb 2027","Resolved after Feb 2027"),"CLIENT INPUT REQUIRED"))) -> No specific plan
A54: 51 | B54: Al Maqam & Asharej (confirmed to be add 1 no of Pump) | C54: Bida Bin Ammar, Al Muwaij'i Area | D54: 24.204317 | E54: 55.651456° | F54: Very High | G54: Applicable with (AACM) | I54: Yes | J54: Inadequate Design Capacity | K54: Existing or nearby drainage arrangements at Bida Bin Ammar, Al Muwaij'i Area require pumping support during storm events, indicating insufficient conveyance/storage capacity for peak runoff. | AM54: Yes | AN54: Upgrade Network | AO54: Upgrade Network | AP54: Permenent | AQ54: No | AR54: - | AS54: 1:2 | AT54: 23mm depth for 24hr | AU54: 1:5 | AV54: 47mm depth for 24hr | AW54: the information will be provided by end of next week | AX54: the information will be provided by end of next week | AY54: 46388 | AZ54: 47088 | BA54: Design phase | BB54: Yes | BC54: - | BD54: - | BE54: Not Started | BF54: AAI | BG54: =IF(A54="","",AND(TRIM(G54&"")<>"",UPPER(TRIM(G54&""))<>"NO")) -> TRUE | BH54: =IF(J54="","",IF(ISNUMBER(SEARCH("absen",J54)),"Absence of Drainage Network",IF(OR(ISNUMBER(SEARCH("design",J54)),ISNUMBER(SEARCH("capacity",J54))),"Inadequate Design Capacity",IF(OR(ISNUMBER(SEARCH("upgrade",J54)),ISNUMBER(SEARCH("network",J54)),ISNUMBER(SEARCH("topog",J54)),ISNUMBER(SEARCH("road",J54))),"Topography & Road Engineering","CHECK - map manually")))) -> Inadequate Design Capacity | BI54: =IF(A54="","",AND(UPPER(TRIM(BF54&""))="IDD",OR(TRIM(AN54&"")<>"",TRIM(AY54&"")<>"",TRIM(AZ54&"")<>""))) -> FALSE | BJ54: =IF(A54="","",IF(ISNUMBER(AZ54),AZ54,"CLIENT INPUT REQUIRED")) -> 47088 | BK54: =IF(A54="","",IF(BI54<>TRUE(),"No specific plan",IF(ISNUMBER(BJ54),IF(BJ54<'Exec Summary'!$C$4,"Resolved before Feb 2027","Resolved after Feb 2027"),"CLIENT INPUT REQUIRED"))) -> No specific plan
A55: 52 | B55: Al Maqam & Asharej | C55: Maitha Bint Mohammed St 'Asharij - Shiebat Al Oud - Abu | D55: 24.19201 | E55: 55.676618 | F55: Very High | G55: Applicable with (AACM) | I55: Yes | J55: Inadequate Design Capacity | K55: Existing or nearby drainage arrangements at Maitha Bint Mohammed St 'Asharij - Shiebat Al Oud - Abu require pumping support during storm events, indicating insufficient conveyance/storage capacity for peak runoff. | AM55: No | AN55: Based on future design | AO55: Based on future design | AP55: Permenent | AQ55: No | AR55: - | AS55: 1:2 | AT55: 23mm depth for 24hr | AU55: Based on future design | AV55: Based on future design | AW55: the information will be provided by end of next week | AX55: the information will be provided by end of next week | AY55: future project | AZ55: future project | BA55: future project | BB55: No | BC55: - | BD55: - | BE55: Not Started | BF55: AAI | BG55: =IF(A55="","",AND(TRIM(G55&"")<>"",UPPER(TRIM(G55&""))<>"NO")) -> TRUE | BH55: =IF(J55="","",IF(ISNUMBER(SEARCH("absen",J55)),"Absence of Drainage Network",IF(OR(ISNUMBER(SEARCH("design",J55)),ISNUMBER(SEARCH("capacity",J55))),"Inadequate Design Capacity",IF(OR(ISNUMBER(SEARCH("upgrade",J55)),ISNUMBER(SEARCH("network",J55)),ISNUMBER(SEARCH("topog",J55)),ISNUMBER(SEARCH("road",J55))),"Topography & Road Engineering","CHECK - map manually")))) -> Inadequate Design Capacity | BI55: =IF(A55="","",AND(UPPER(TRIM(BF55&""))="IDD",OR(TRIM(AN55&"")<>"",TRIM(AY55&"")<>"",TRIM(AZ55&"")<>""))) -> FALSE | BJ55: =IF(A55="","",IF(ISNUMBER(AZ55),AZ55,"CLIENT INPUT REQUIRED")) -> CLIENT INPUT REQUIRED | BK55: =IF(A55="","",IF(BI55<>TRUE(),"No specific plan",IF(ISNUMBER(BJ55),IF(BJ55<'Exec Summary'!$C$4,"Resolved before Feb 2027","Resolved after Feb 2027"),"CLIENT INPUT REQUIRED"))) -> No specific plan
A56: 53 | B56: Al Mu'tarid | C56: 75-45 AI Siray St, Al Mu'tarid - Hai Al Wadi | D56: 24.234725 | E56: 55.737151 | F56: Very High | G56: Applicable with (AACM) | I56: Yes | J56: Inadequate Design Capacity | K56: Existing or nearby drainage arrangements at 75-45 AI Siray St, Al Mu'tarid - Hai Al Wadi require pumping support during storm events, indicating insufficient conveyance/storage capacity for peak runoff. | P56: 0 | Z56: 0 | AA56: 10 | AB56: 50000 | AM56: No | AN56: Based on future design | AO56: Based on future design | AP56: Permenent | AQ56: No | AR56: - | AS56: 1:2 | AT56: 23mm depth for 24hr | AU56: Based on future design | AV56: Based on future design | AW56: the information will be provided by end of next week | AX56: the information will be provided by end of next week | AY56: future project | AZ56: future project | BA56: future project | BB56: No | BC56: - | BD56: - | BE56: Not Started | BF56: AAI | BG56: =IF(A56="","",AND(TRIM(G56&"")<>"",UPPER(TRIM(G56&""))<>"NO")) -> TRUE | BH56: =IF(J56="","",IF(ISNUMBER(SEARCH("absen",J56)),"Absence of Drainage Network",IF(OR(ISNUMBER(SEARCH("design",J56)),ISNUMBER(SEARCH("capacity",J56))),"Inadequate Design Capacity",IF(OR(ISNUMBER(SEARCH("upgrade",J56)),ISNUMBER(SEARCH("network",J56)),ISNUMBER(SEARCH("topog",J56)),ISNUMBER(SEARCH("road",J56))),"Topography & Road Engineering","CHECK - map manually")))) -> Inadequate Design Capacity | BI56: =IF(A56="","",AND(UPPER(TRIM(BF56&""))="IDD",OR(TRIM(AN56&"")<>"",TRIM(AY56&"")<>"",TRIM(AZ56&"")<>""))) -> FALSE | BJ56: =IF(A56="","",IF(ISNUMBER(AZ56),AZ56,"CLIENT INPUT REQUIRED")) -> CLIENT INPUT REQUIRED | BK56: =IF(A56="","",IF(BI56<>TRUE(),"No specific plan",IF(ISNUMBER(BJ56),IF(BJ56<'Exec Summary'!$C$4,"Resolved before Feb 2027","Resolved after Feb 2027"),"CLIENT INPUT REQUIRED"))) -> No specific plan
A57: 54 | B57: Al Mu'tarid | C57: Al Baladiyah St, Al Mu'tarid - Al Gellah | D57: 24.213088 | E57: 55.737496 | F57: Very High | G57: Applicable with (AACM) | I57: Yes | J57: Inadequate Design Capacity | K57: Existing or nearby drainage arrangements at Al Baladiyah St, Al Mu'tarid - Al Gellah require pumping support during storm events, indicating insufficient conveyance/storage capacity for peak runoff. | AM57: No | AN57: Based on future design | AO57: Based on future design | AP57: Permenent | AQ57: No | AR57: - | AS57: 1:2 | AT57: 23mm depth for 24hr | AU57: Based on future design | AV57: Based on future design | AW57: the information will be provided by end of next week | AX57: the information will be provided by end of next week | AY57: future project | AZ57: future project | BA57: future project | BB57: No | BC57: - | BD57: - | BE57: Not Started | BF57: AAI | BG57: =IF(A57="","",AND(TRIM(G57&"")<>"",UPPER(TRIM(G57&""))<>"NO")) -> TRUE | BH57: =IF(J57="","",IF(ISNUMBER(SEARCH("absen",J57)),"Absence of Drainage Network",IF(OR(ISNUMBER(SEARCH("design",J57)),ISNUMBER(SEARCH("capacity",J57))),"Inadequate Design Capacity",IF(OR(ISNUMBER(SEARCH("upgrade",J57)),ISNUMBER(SEARCH("network",J57)),ISNUMBER(SEARCH("topog",J57)),ISNUMBER(SEARCH("road",J57))),"Topography & Road Engineering","CHECK - map manually")))) -> Inadequate Design Capacity | BI57: =IF(A57="","",AND(UPPER(TRIM(BF57&""))="IDD",OR(TRIM(AN57&"")<>"",TRIM(AY57&"")<>"",TRIM(AZ57&"")<>""))) -> FALSE | BJ57: =IF(A57="","",IF(ISNUMBER(AZ57),AZ57,"CLIENT INPUT REQUIRED")) -> CLIENT INPUT REQUIRED | BK57: =IF(A57="","",IF(BI57<>TRUE(),"No specific plan",IF(ISNUMBER(BJ57),IF(BJ57<'Exec Summary'!$C$4,"Resolved before Feb 2027","Resolved after Feb 2027"),"CLIENT INPUT REQUIRED"))) -> No specific plan
A58: 55 | B58: Al Mu'tarid | C58: Al Jabal R/A Khalifa Bin Zayed St, Al Mu'tarid | D58: 24.224668 | E58: 55.738022 | F58: Very High | G58: Applicable with (AACM) | I58: Yes | J58: Inadequate Design Capacity | K58: Existing or nearby drainage arrangements at Al Jabal R/A Khalifa Bin Zayed St, Al Mu'tarid require pumping support during storm events, indicating insufficient conveyance/storage capacity for peak runoff. | AM58: Yes | AN58: Upgrade Underpass drainage system | AO58: Upgrade Underpass drainage system | AP58: Permenent | AQ58: No | AR58: - | AS58: 1:2 | AT58: 23mm depth for 24hr | AU58: 1:50 | AV58: 105mm depth for 24hr | AW58: the information will be provided by end of next week | AX58: the information will be provided by end of next week | AY58: 46419 | AZ58: 46753 | BA58: Design phase | BB58: Yes | BC58: - | BD58: - | BE58: Not Started | BF58: AAI | BG58: =IF(A58="","",AND(TRIM(G58&"")<>"",UPPER(TRIM(G58&""))<>"NO")) -> TRUE | BH58: =IF(J58="","",IF(ISNUMBER(SEARCH("absen",J58)),"Absence of Drainage Network",IF(OR(ISNUMBER(SEARCH("design",J58)),ISNUMBER(SEARCH("capacity",J58))),"Inadequate Design Capacity",IF(OR(ISNUMBER(SEARCH("upgrade",J58)),ISNUMBER(SEARCH("network",J58)),ISNUMBER(SEARCH("topog",J58)),ISNUMBER(SEARCH("road",J58))),"Topography & Road Engineering","CHECK - map manually")))) -> Inadequate Design Capacity | BI58: =IF(A58="","",AND(UPPER(TRIM(BF58&""))="IDD",OR(TRIM(AN58&"")<>"",TRIM(AY58&"")<>"",TRIM(AZ58&"")<>""))) -> FALSE | BJ58: =IF(A58="","",IF(ISNUMBER(AZ58),AZ58,"CLIENT INPUT REQUIRED")) -> 46753 | BK58: =IF(A58="","",IF(BI58<>TRUE(),"No specific plan",IF(ISNUMBER(BJ58),IF(BJ58<'Exec Summary'!$C$4,"Resolved before Feb 2027","Resolved after Feb 2027"),"CLIENT INPUT REQUIRED"))) -> No specific plan
A59: 56 | B59: Al Mu'tarid | C59: Mohammed Bin Khalifa St, Al Mu'tarid - Ramlat Aawad Shaheen | D59: 24.233772 | E59: 55.751498 | F59: Very High | G59: Applicable with (AACM) | I59: Yes | J59: Inadequate Design Capacity | K59: Existing or nearby drainage arrangements at Mohammed Bin Khalifa St, Al Mu'tarid - Ramlat Aawad Shaheen require pumping support during storm events, indicating insufficient conveyance/storage capacity for peak runoff. | AM59: Yes | AN59: Upgrade Network | AO59: Upgrade Network | AP59: Permenent | AQ59: No | AR59: - | AS59: 1:2 | AT59: 23mm depth for 24hr | AU59: 1:5 | AV59: 47mm depth for 24hr | AW59: the information will be provided by end of next week | AX59: the information will be provided by end of next week | AY59: 46388 | AZ59: 46905 | BA59: Design phase | BB59: Yes | BC59: - | BD59: - | BE59: Not Started | BF59: AAI | BG59: =IF(A59="","",AND(TRIM(G59&"")<>"",UPPER(TRIM(G59&""))<>"NO")) -> TRUE | BH59: =IF(J59="","",IF(ISNUMBER(SEARCH("absen",J59)),"Absence of Drainage Network",IF(OR(ISNUMBER(SEARCH("design",J59)),ISNUMBER(SEARCH("capacity",J59))),"Inadequate Design Capacity",IF(OR(ISNUMBER(SEARCH("upgrade",J59)),ISNUMBER(SEARCH("network",J59)),ISNUMBER(SEARCH("topog",J59)),ISNUMBER(SEARCH("road",J59))),"Topography & Road Engineering","CHECK - map manually")))) -> Inadequate Design Capacity | BI59: =IF(A59="","",AND(UPPER(TRIM(BF59&""))="IDD",OR(TRIM(AN59&"")<>"",TRIM(AY59&"")<>"",TRIM(AZ59&"")<>""))) -> FALSE | BJ59: =IF(A59="","",IF(ISNUMBER(AZ59),AZ59,"CLIENT INPUT REQUIRED")) -> 46905 | BK59: =IF(A59="","",IF(BI59<>TRUE(),"No specific plan",IF(ISNUMBER(BJ59),IF(BJ59<'Exec Summary'!$C$4,"Resolved before Feb 2027","Resolved after Feb 2027"),"CLIENT INPUT REQUIRED"))) -> No specific plan
A60: 57 | B60: Al Mu'tarid (to be removed) | C60: Shakhboot Bin Sultan St, Al Mu'tarid | D60: 24.231416 | E60: 55.744003 | F60: Very High | G60: Applicable with (AACM) | I60: Yes | J60: Inadequate Design Capacity | K60: Existing or nearby drainage arrangements at Shakhboot Bin Sultan St, Al Mu'tarid require pumping support during storm events, indicating insufficient conveyance/storage capacity for peak runoff. | AM60: Yes | AN60: Upgrade Network | AO60: Upgrade Network | AP60: Permenent | AQ60: No | AR60: - | AS60: 1:2 | AT60: 23mm depth for 24hr | AU60: 1:5 | AV60: 47mm depth for 24hr | AW60: the information will be provided by end of next week | AX60: the information will be provided by end of next week | AY60: 46388 | AZ60: 46905 | BA60: Design phase | BB60: Yes | BC60: - | BD60: - | BE60: Not Started | BF60: AAI | BG60: =IF(A60="","",AND(TRIM(G60&"")<>"",UPPER(TRIM(G60&""))<>"NO")) -> TRUE | BH60: =IF(J60="","",IF(ISNUMBER(SEARCH("absen",J60)),"Absence of Drainage Network",IF(OR(ISNUMBER(SEARCH("design",J60)),ISNUMBER(SEARCH("capacity",J60))),"Inadequate Design Capacity",IF(OR(ISNUMBER(SEARCH("upgrade",J60)),ISNUMBER(SEARCH("network",J60)),ISNUMBER(SEARCH("topog",J60)),ISNUMBER(SEARCH("road",J60))),"Topography & Road Engineering","CHECK - map manually")))) -> Inadequate Design Capacity | BI60: =IF(A60="","",AND(UPPER(TRIM(BF60&""))="IDD",OR(TRIM(AN60&"")<>"",TRIM(AY60&"")<>"",TRIM(AZ60&"")<>""))) -> FALSE | BJ60: =IF(A60="","",IF(ISNUMBER(AZ60),AZ60,"CLIENT INPUT REQUIRED")) -> 46905 | BK60: =IF(A60="","",IF(BI60<>TRUE(),"No specific plan",IF(ISNUMBER(BJ60),IF(BJ60<'Exec Summary'!$C$4,"Resolved before Feb 2027","Resolved after Feb 2027"),"CLIENT INPUT REQUIRED"))) -> No specific plan
A61: 58 | B61: Al Mu'tarid (to be added the tanker) | C61: Al Radi St, Al Mu'tarid - Hai Al Jabal | D61: 24.223991 | E61: 55.734129 | F61: Very High | G61: Applicable with (AACM) | I61: Yes | J61: Inadequate Design Capacity | K61: Existing or nearby drainage arrangements at Al Radi St, Al Mu'tarid - Hai Al Jabal require pumping support during storm events, indicating insufficient conveyance/storage capacity for peak runoff. | AM61: Yes | AN61: Upgrade Network | AO61: Upgrade Network | AP61: Permenent | AQ61: No | AR61: - | AS61: 1:2 | AT61: 23mm depth for 24hr | AU61: 1:5 | AV61: 47mm depth for 24hr | AW61: the information will be provided by end of next week | AX61: the information will be provided by end of next week | AY61: completed | AZ61: completed | BA61: Hand Over Phase | BB61: Yes | BC61: Completed | BD61: Completed | BE61: Completed | BF61: AAM | BG61: =IF(A61="","",AND(TRIM(G61&"")<>"",UPPER(TRIM(G61&""))<>"NO")) -> TRUE | BH61: =IF(J61="","",IF(ISNUMBER(SEARCH("absen",J61)),"Absence of Drainage Network",IF(OR(ISNUMBER(SEARCH("design",J61)),ISNUMBER(SEARCH("capacity",J61))),"Inadequate Design Capacity",IF(OR(ISNUMBER(SEARCH("upgrade",J61)),ISNUMBER(SEARCH("network",J61)),ISNUMBER(SEARCH("topog",J61)),ISNUMBER(SEARCH("road",J61))),"Topography & Road Engineering","CHECK - map manually")))) -> Inadequate Design Capacity | BI61: =IF(A61="","",AND(UPPER(TRIM(BF61&""))="IDD",OR(TRIM(AN61&"")<>"",TRIM(AY61&"")<>"",TRIM(AZ61&"")<>""))) -> FALSE | BJ61: =IF(A61="","",IF(ISNUMBER(AZ61),AZ61,"CLIENT INPUT REQUIRED")) -> CLIENT INPUT REQUIRED | BK61: =IF(A61="","",IF(BI61<>TRUE(),"No specific plan",IF(ISNUMBER(BJ61),IF(BJ61<'Exec Summary'!$C$4,"Resolved before Feb 2027","Resolved after Feb 2027"),"CLIENT INPUT REQUIRED"))) -> No specific plan
A62: 59 | B62: Al Mu'tarid | C62: Teebi St, Al Mu'tarid Area | D62: 24.218631 | E62: 55.734053 | F62: Very High | G62: Applicable with (AACM) | I62: Yes | J62: Inadequate Design Capacity | K62: Existing or nearby drainage arrangements at Teebi St, Al Mu'tarid Area require pumping support during storm events, indicating insufficient conveyance/storage capacity for peak runoff. | AM62: No | AN62: Based on future design | AO62: Based on future design | AP62: Permenent | AQ62: No | AR62: - | AS62: 1:2 | AT62: 23mm depth for 24hr | AU62: Based on future design | AV62: Based on future design | AW62: the information will be provided by end of next week | AX62: the information will be provided by end of next week | AY62: future project | AZ62: future project | BA62: future project | BB62: No | BC62: - | BD62: - | BE62: Not Started | BF62: AAI | BG62: =IF(A62="","",AND(TRIM(G62&"")<>"",UPPER(TRIM(G62&""))<>"NO")) -> TRUE | BH62: =IF(J62="","",IF(ISNUMBER(SEARCH("absen",J62)),"Absence of Drainage Network",IF(OR(ISNUMBER(SEARCH("design",J62)),ISNUMBER(SEARCH("capacity",J62))),"Inadequate Design Capacity",IF(OR(ISNUMBER(SEARCH("upgrade",J62)),ISNUMBER(SEARCH("network",J62)),ISNUMBER(SEARCH("topog",J62)),ISNUMBER(SEARCH("road",J62))),"Topography & Road Engineering","CHECK - map manually")))) -> Inadequate Design Capacity | BI62: =IF(A62="","",AND(UPPER(TRIM(BF62&""))="IDD",OR(TRIM(AN62&"")<>"",TRIM(AY62&"")<>"",TRIM(AZ62&"")<>""))) -> FALSE | BJ62: =IF(A62="","",IF(ISNUMBER(AZ62),AZ62,"CLIENT INPUT REQUIRED")) -> CLIENT INPUT REQUIRED | BK62: =IF(A62="","",IF(BI62<>TRUE(),"No specific plan",IF(ISNUMBER(BJ62),IF(BJ62<'Exec Summary'!$C$4,"Resolved before Feb 2027","Resolved after Feb 2027"),"CLIENT INPUT REQUIRED"))) -> No specific plan
A63: 60 | B63: Al Mu'tarid | C63: Al Husoun St, Al Mu'tarid - Ugdat Al Muwaiji | D63: 24.22599 | E63: 55.736495 | F63: Very High | G63: Applicable with (AACM) | I63: Yes | J63: Inadequate Design Capacity | K63: Existing or nearby drainage arrangements at Al Husoun St, Al Mu'tarid - Ugdat Al Muwaiji require pumping support during storm events, indicating insufficient conveyance/storage capacity for peak runoff. | AM63: No | AN63: Based on future design | AO63: Based on future design | AP63: Permenent | AQ63: No | AR63: - | AS63: 1:2 | AT63: 23mm depth for 24hr | AU63: Based on future design | AV63: Based on future design | AW63: the information will be provided by end of next week | AX63: the information will be provided by end of next week | AY63: future project | AZ63: future project | BA63: future project | BB63: No | BC63: - | BD63: - | BE63: Not Started | BF63: AAI | BG63: =IF(A63="","",AND(TRIM(G63&"")<>"",UPPER(TRIM(G63&""))<>"NO")) -> TRUE | BH63: =IF(J63="","",IF(ISNUMBER(SEARCH("absen",J63)),"Absence of Drainage Network",IF(OR(ISNUMBER(SEARCH("design",J63)),ISNUMBER(SEARCH("capacity",J63))),"Inadequate Design Capacity",IF(OR(ISNUMBER(SEARCH("upgrade",J63)),ISNUMBER(SEARCH("network",J63)),ISNUMBER(SEARCH("topog",J63)),ISNUMBER(SEARCH("road",J63))),"Topography & Road Engineering","CHECK - map manually")))) -> Inadequate Design Capacity | BI63: =IF(A63="","",AND(UPPER(TRIM(BF63&""))="IDD",OR(TRIM(AN63&"")<>"",TRIM(AY63&"")<>"",TRIM(AZ63&"")<>""))) -> FALSE | BJ63: =IF(A63="","",IF(ISNUMBER(AZ63),AZ63,"CLIENT INPUT REQUIRED")) -> CLIENT INPUT REQUIRED | BK63: =IF(A63="","",IF(BI63<>TRUE(),"No specific plan",IF(ISNUMBER(BJ63),IF(BJ63<'Exec Summary'!$C$4,"Resolved before Feb 2027","Resolved after Feb 2027"),"CLIENT INPUT REQUIRED"))) -> No specific plan
A64: 61 | B64: Al Mu'tarid | C64: Khalifa Bin Zayed The First St, Al Mu'tarid - Al Jizza | D64: 24.217804 | E64: 55.745647 | F64: Very High | G64: Applicable with (AACM) | I64: No | J64: Absence of Drainage Network | K64: Existing or nearby drainage arrangements at Khalifa Bin Zayed The First St, Al Mu'tarid - Al Jizza require pumping support during storm events, indicating insufficient conveyance/storage capacity for peak runoff. | AM64: No | AN64: Based on future design | AO64: Based on future design | AP64: Permenent | AQ64: No | AR64: - | AS64: No network | AT64: N/A | AU64: Based on future design | AV64: Based on future design | AW64: the information will be provided by end of next week | AX64: the information will be provided by end of next week | AY64: future project | AZ64: future project | BA64: future project | BB64: No | BC64: - | BD64: - | BE64: Not Started | BF64: AAI | BG64: =IF(A64="","",AND(TRIM(G64&"")<>"",UPPER(TRIM(G64&""))<>"NO")) -> TRUE | BH64: =IF(J64="","",IF(ISNUMBER(SEARCH("absen",J64)),"Absence of Drainage Network",IF(OR(ISNUMBER(SEARCH("design",J64)),ISNUMBER(SEARCH("capacity",J64))),"Inadequate Design Capacity",IF(OR(ISNUMBER(SEARCH("upgrade",J64)),ISNUMBER(SEARCH("network",J64)),ISNUMBER(SEARCH("topog",J64)),ISNUMBER(SEARCH("road",J64))),"Topography & Road Engineering","CHECK - map manually")))) -> Absence of Drainage Network | BI64: =IF(A64="","",AND(UPPER(TRIM(BF64&""))="IDD",OR(TRIM(AN64&"")<>"",TRIM(AY64&"")<>"",TRIM(AZ64&"")<>""))) -> FALSE | BJ64: =IF(A64="","",IF(ISNUMBER(AZ64),AZ64,"CLIENT INPUT REQUIRED")) -> CLIENT INPUT REQUIRED | BK64: =IF(A64="","",IF(BI64<>TRUE(),"No specific plan",IF(ISNUMBER(BJ64),IF(BJ64<'Exec Summary'!$C$4,"Resolved before Feb 2027","Resolved after Feb 2027"),"CLIENT INPUT REQUIRED"))) -> No specific plan
A65: 62 | B65: Al Jahili | C65: Al Marayegh, Al Jahili Area | D65: 24.206959 | E65: 55.748212 | F65: Medium | G65: Applicable with (AACM) | I65: Yes | J65: Inadequate Design Capacity | K65: Existing or nearby drainage arrangements at Al Marayegh, Al Jahili Area; require pumping support during storm events. | AM65: No | AN65: Based on future design | AO65: Based on future design | AP65: Permenent | AQ65: No | AR65: - | AS65: 1:2 | AT65: 23mm depth for 24hr | AU65: Based on future design | AV65: Based on future design | AW65: the information will be provided by end of next week | AX65: the information will be provided by end of next week | AY65: future project | AZ65: future project | BA65: future project | BB65: No | BC65: - | BD65: - | BE65: Not Started | BF65: AAI | BG65: =IF(A65="","",AND(TRIM(G65&"")<>"",UPPER(TRIM(G65&""))<>"NO")) -> TRUE | BH65: =IF(J65="","",IF(ISNUMBER(SEARCH("absen",J65)),"Absence of Drainage Network",IF(OR(ISNUMBER(SEARCH("design",J65)),ISNUMBER(SEARCH("capacity",J65))),"Inadequate Design Capacity",IF(OR(ISNUMBER(SEARCH("upgrade",J65)),ISNUMBER(SEARCH("network",J65)),ISNUMBER(SEARCH("topog",J65)),ISNUMBER(SEARCH("road",J65))),"Topography & Road Engineering","CHECK - map manually")))) -> Inadequate Design Capacity | BI65: =IF(A65="","",AND(UPPER(TRIM(BF65&""))="IDD",OR(TRIM(AN65&"")<>"",TRIM(AY65&"")<>"",TRIM(AZ65&"")<>""))) -> FALSE | BJ65: =IF(A65="","",IF(ISNUMBER(AZ65),AZ65,"CLIENT INPUT REQUIRED")) -> CLIENT INPUT REQUIRED | BK65: =IF(A65="","",IF(BI65<>TRUE(),"No specific plan",IF(ISNUMBER(BJ65),IF(BJ65<'Exec Summary'!$C$4,"Resolved before Feb 2027","Resolved after Feb 2027"),"CLIENT INPUT REQUIRED"))) -> No specific plan
A66: 63 | B66: Al Muwaiji | C66: Saeed Bin Shakhbout The First St, Al Muwaij'i - Majlood | D66: 24.210763 | E66: 55.710354 | F66: High | G66: Not Applicable / Not identified | I66: Yes | J66: Inadequate Design Capacity | K66: Existing or nearby drainage arrangements at Saeed Bin Shakhbout The First St, Al Muwaij'i - Majlood require pumping support during storm events, indicating insufficient conveyance/storage capacity for peak runoff. | P66: 0 | Z66: 0 | AA66: 3 | AB66: 15000 | AM66: Yes | AN66: Upgrade Network | AO66: Upgrade Network | AP66: Permenent | AQ66: No | AR66: - | AS66: 1:2 | AT66: 23mm depth for 24hr | AU66: 1:5 | AV66: 47mm depth for 24hr | AW66: the information will be provided by end of next week | AX66: the information will be provided by end of next week | AY66: 45231 | AZ66: 46082 | BA66: Hand Over Phase | BB66: Yes | BC66: 45231 | BD66: 46082 | BE66: Completed | BF66: AAM | BG66: =IF(A66="","",AND(TRIM(G66&"")<>"",UPPER(TRIM(G66&""))<>"NO")) -> TRUE | BH66: =IF(J66="","",IF(ISNUMBER(SEARCH("absen",J66)),"Absence of Drainage Network",IF(OR(ISNUMBER(SEARCH("design",J66)),ISNUMBER(SEARCH("capacity",J66))),"Inadequate Design Capacity",IF(OR(ISNUMBER(SEARCH("upgrade",J66)),ISNUMBER(SEARCH("network",J66)),ISNUMBER(SEARCH("topog",J66)),ISNUMBER(SEARCH("road",J66))),"Topography & Road Engineering","CHECK - map manually")))) -> Inadequate Design Capacity | BI66: =IF(A66="","",AND(UPPER(TRIM(BF66&""))="IDD",OR(TRIM(AN66&"")<>"",TRIM(AY66&"")<>"",TRIM(AZ66&"")<>""))) -> FALSE | BJ66: =IF(A66="","",IF(ISNUMBER(AZ66),AZ66,"CLIENT INPUT REQUIRED")) -> 46082 | BK66: =IF(A66="","",IF(BI66<>TRUE(),"No specific plan",IF(ISNUMBER(BJ66),IF(BJ66<'Exec Summary'!$C$4,"Resolved before Feb 2027","Resolved after Feb 2027"),"CLIENT INPUT REQUIRED"))) -> No specific plan
A67: 64 | B67: Al Muwaiji | C67: Saeed Bin Shakhbout The First St, Al Muwaij'i - Al Ruwaikah | D67: 24.205763 | E67: 55.712884 | F67: High | G67: Not Applicable / Not identified | I67: Yes | J67: Inadequate Design Capacity | K67: Existing or nearby drainage arrangements at Saeed Bin Shakhbout The First St, Al Muwaij'i - Al Ruwaikah require pumping support during storm events, indicating insufficient conveyance/storage capacity for peak runoff. | AM67: Yes | AN67: Upgrade Network | AO67: Upgrade Network | AP67: Permenent | AQ67: No | AR67: - | AS67: 1:2 | AT67: 23mm depth for 24hr | AU67: 1:5 | AV67: 47mm depth for 24hr | AW67: the information will be provided by end of next week | AX67: the information will be provided by end of next week | AY67: 45231 | AZ67: 46082 | BA67: Hand Over Phase | BB67: Yes | BC67: 45231 | BD67: 46082 | BE67: Completed | BF67: AAM | BG67: =IF(A67="","",AND(TRIM(G67&"")<>"",UPPER(TRIM(G67&""))<>"NO")) -> TRUE | BH67: =IF(J67="","",IF(ISNUMBER(SEARCH("absen",J67)),"Absence of Drainage Network",IF(OR(ISNUMBER(SEARCH("design",J67)),ISNUMBER(SEARCH("capacity",J67))),"Inadequate Design Capacity",IF(OR(ISNUMBER(SEARCH("upgrade",J67)),ISNUMBER(SEARCH("network",J67)),ISNUMBER(SEARCH("topog",J67)),ISNUMBER(SEARCH("road",J67))),"Topography & Road Engineering","CHECK - map manually")))) -> Inadequate Design Capacity | BI67: =IF(A67="","",AND(UPPER(TRIM(BF67&""))="IDD",OR(TRIM(AN67&"")<>"",TRIM(AY67&"")<>"",TRIM(AZ67&"")<>""))) -> FALSE | BJ67: =IF(A67="","",IF(ISNUMBER(AZ67),AZ67,"CLIENT INPUT REQUIRED")) -> 46082 | BK67: =IF(A67="","",IF(BI67<>TRUE(),"No specific plan",IF(ISNUMBER(BJ67),IF(BJ67<'Exec Summary'!$C$4,"Resolved before Feb 2027","Resolved after Feb 2027"),"CLIENT INPUT REQUIRED"))) -> No specific plan
A68: 65 | B68: Al Muwaiji | C68: Maitha Bint Mohammed St, Al Muwaij'i - Deer Park | D68: 24.205493 | E68: 55.705064 | F68: High | G68: Not Applicable / Not identified | I68: Yes | J68: Inadequate Design Capacity | K68: Existing or nearby drainage arrangements at Maitha Bint Mohammed St, Al Muwaij'i - Deer Park require pumping support during storm events, indicating insufficient conveyance/storage capacity for peak runoff. | AM68: Yes | AN68: Upgrade Network | AO68: Upgrade Network | AP68: Permenent | AQ68: No | AR68: - | AS68: 1:2 | AT68: 23mm depth for 24hr | AU68: 1:5 | AV68: 47mm depth for 24hr | AW68: the information will be provided by end of next week | AX68: the information will be provided by end of next week | AY68: completed | AZ68: completed | BA68: Hand Over Phase | BB68: Yes | BC68: Completed | BD68: Completed | BE68: Completed | BF68: AAM | BG68: =IF(A68="","",AND(TRIM(G68&"")<>"",UPPER(TRIM(G68&""))<>"NO")) -> TRUE | BH68: =IF(J68="","",IF(ISNUMBER(SEARCH("absen",J68)),"Absence of Drainage Network",IF(OR(ISNUMBER(SEARCH("design",J68)),ISNUMBER(SEARCH("capacity",J68))),"Inadequate Design Capacity",IF(OR(ISNUMBER(SEARCH("upgrade",J68)),ISNUMBER(SEARCH("network",J68)),ISNUMBER(SEARCH("topog",J68)),ISNUMBER(SEARCH("road",J68))),"Topography & Road Engineering","CHECK - map manually")))) -> Inadequate Design Capacity | BI68: =IF(A68="","",AND(UPPER(TRIM(BF68&""))="IDD",OR(TRIM(AN68&"")<>"",TRIM(AY68&"")<>"",TRIM(AZ68&"")<>""))) -> FALSE | BJ68: =IF(A68="","",IF(ISNUMBER(AZ68),AZ68,"CLIENT INPUT REQUIRED")) -> CLIENT INPUT REQUIRED | BK68: =IF(A68="","",IF(BI68<>TRUE(),"No specific plan",IF(ISNUMBER(BJ68),IF(BJ68<'Exec Summary'!$C$4,"Resolved before Feb 2027","Resolved after Feb 2027"),"CLIENT INPUT REQUIRED"))) -> No specific plan
A69: 66 | B69: Al Nabbagh | C69: Sibeitah, Al Nabbagh 66! | D69: 24.319411 | E69: 55.753474 | F69: Medium | G69: Not Applicable / Not identified | I69: No | J69: Absence of Drainage Network | K69: No effective stormwater connection is evident from the listed intervention at Sibeitah, Al Nabbagh 66!; response is based on tanker dewatering until a drainage network/permanent solution is available. | P69: 0 | Z69: 0 | AA69: 1 | AB69: 5000 | AM69: Yes | AN69: Upgrade Underpass drainage system | AO69: Upgrade Underpass drainage system | AP69: Permenent | AQ69: No | AR69: - | AS69: 1:2 | AT69: 23mm depth for 24hr | AU69: 1:50 | AV69: 105mm depth for 24hr | AW69: the information will be provided by end of next week | AX69: the information will be provided by end of next week | AY69: 46419 | AZ69: 46753 | BA69: Design phase | BB69: Yes | BC69: - | BD69: - | BE69: Not Started | BF69: AAI | BG69: =IF(A69="","",AND(TRIM(G69&"")<>"",UPPER(TRIM(G69&""))<>"NO")) -> TRUE | BH69: =IF(J69="","",IF(ISNUMBER(SEARCH("absen",J69)),"Absence of Drainage Network",IF(OR(ISNUMBER(SEARCH("design",J69)),ISNUMBER(SEARCH("capacity",J69))),"Inadequate Design Capacity",IF(OR(ISNUMBER(SEARCH("upgrade",J69)),ISNUMBER(SEARCH("network",J69)),ISNUMBER(SEARCH("topog",J69)),ISNUMBER(SEARCH("road",J69))),"Topography & Road Engineering","CHECK - map manually")))) -> Absence of Drainage Network | BI69: =IF(A69="","",AND(UPPER(TRIM(BF69&""))="IDD",OR(TRIM(AN69&"")<>"",TRIM(AY69&"")<>"",TRIM(AZ69&"")<>""))) -> FALSE | BJ69: =IF(A69="","",IF(ISNUMBER(AZ69),AZ69,"CLIENT INPUT REQUIRED")) -> 46753 | BK69: =IF(A69="","",IF(BI69<>TRUE(),"No specific plan",IF(ISNUMBER(BJ69),IF(BJ69<'Exec Summary'!$C$4,"Resolved before Feb 2027","Resolved after Feb 2027"),"CLIENT INPUT REQUIRED"))) -> No specific plan
A70: 67 | B70: Al Nabbagh | C70: Lane 821, Al Nabbagh - Sibeitah | D70: 24.341779 | E70: 55.741995 | F70: Medium | G70: Not Applicable / Not identified | I70: No | J70: Absence of Drainage Network | K70: No effective stormwater connection is evident from the listed intervention at Lane 821, Al Nabbagh - Sibeitah; response is based on tanker dewatering until a drainage network/permanent solution is available. | AM70: Yes | AN70: Pond/Side slope protection | AO70: Pond/Side slope protection | AP70: Permenent | AQ70: No | AR70: - | AS70: 1:2 | AT70: 23mm depth for 24hr | AU70: 1:50 | AV70: 105mm depth for 24hr | AW70: the information will be provided by end of next week | AX70: the information will be provided by end of next week | AY70: 46327 | AZ70: 46722 | BA70: Design phase | BB70: Yes | BC70: - | BD70: - | BE70: Not Started | BF70: AAI | BG70: =IF(A70="","",AND(TRIM(G70&"")<>"",UPPER(TRIM(G70&""))<>"NO")) -> TRUE | BH70: =IF(J70="","",IF(ISNUMBER(SEARCH("absen",J70)),"Absence of Drainage Network",IF(OR(ISNUMBER(SEARCH("design",J70)),ISNUMBER(SEARCH("capacity",J70))),"Inadequate Design Capacity",IF(OR(ISNUMBER(SEARCH("upgrade",J70)),ISNUMBER(SEARCH("network",J70)),ISNUMBER(SEARCH("topog",J70)),ISNUMBER(SEARCH("road",J70))),"Topography & Road Engineering","CHECK - map manually")))) -> Absence of Drainage Network | BI70: =IF(A70="","",AND(UPPER(TRIM(BF70&""))="IDD",OR(TRIM(AN70&"")<>"",TRIM(AY70&"")<>"",TRIM(AZ70&"")<>""))) -> FALSE | BJ70: =IF(A70="","",IF(ISNUMBER(AZ70),AZ70,"CLIENT INPUT REQUIRED")) -> 46722 | BK70: =IF(A70="","",IF(BI70<>TRUE(),"No specific plan",IF(ISNUMBER(BJ70),IF(BJ70<'Exec Summary'!$C$4,"Resolved before Feb 2027","Resolved after Feb 2027"),"CLIENT INPUT REQUIRED"))) -> No specific plan
A71: 68 | B71: Al Qattarah | C71: 96-124 Al Dameed St, Al Qattarah - Al Mragha | D71: 24.265066 | E71: 55.740864 | F71: Very High | G71: Applicable with (AACM) | I71: Yes | J71: Inadequate Design Capacity | K71: Existing or nearby drainage arrangements at 96-124 Al Dameed St, Al Qattarah - Al Mragha require pumping support during storm events, indicating insufficient conveyance/storage capacity for peak runoff. | P71: 4 | Z71: 20000 | AA71: 2 | AB71: 10000 | AM71: No | AN71: Based on future design | AO71: Based on future design | AP71: Permenent | AQ71: No | AR71: - | AS71: 1:2 | AT71: 23mm depth for 24hr | AU71: Based on future design | AV71: Based on future design | AW71: the information will be provided by end of next week | AX71: the information will be provided by end of next week | AY71: future project | AZ71: future project | BA71: future project | BB71: No | BC71: - | BD71: - | BE71: Not Started | BF71: AAI | BG71: =IF(A71="","",AND(TRIM(G71&"")<>"",UPPER(TRIM(G71&""))<>"NO")) -> TRUE | BH71: =IF(J71="","",IF(ISNUMBER(SEARCH("absen",J71)),"Absence of Drainage Network",IF(OR(ISNUMBER(SEARCH("design",J71)),ISNUMBER(SEARCH("capacity",J71))),"Inadequate Design Capacity",IF(OR(ISNUMBER(SEARCH("upgrade",J71)),ISNUMBER(SEARCH("network",J71)),ISNUMBER(SEARCH("topog",J71)),ISNUMBER(SEARCH("road",J71))),"Topography & Road Engineering","CHECK - map manually")))) -> Inadequate Design Capacity | BI71: =IF(A71="","",AND(UPPER(TRIM(BF71&""))="IDD",OR(TRIM(AN71&"")<>"",TRIM(AY71&"")<>"",TRIM(AZ71&"")<>""))) -> FALSE | BJ71: =IF(A71="","",IF(ISNUMBER(AZ71),AZ71,"CLIENT INPUT REQUIRED")) -> CLIENT INPUT REQUIRED | BK71: =IF(A71="","",IF(BI71<>TRUE(),"No specific plan",IF(ISNUMBER(BJ71),IF(BJ71<'Exec Summary'!$C$4,"Resolved before Feb 2027","Resolved after Feb 2027"),"CLIENT INPUT REQUIRED"))) -> No specific plan
A72: 69 | B72: Al Qattarah | C72: 96-124 Al Dameed St, Al Qattarah - Al Mragha | D72: 24.260988° | E72: 55.755669° | F72: Very High | G72: Applicable with (AACM) | I72: Yes | J72: Inadequate Design Capacity | K72: Existing or nearby drainage arrangements at 96-124 Al Dameed St, Al Qattarah - Al Mragha require pumping support during storm events, indicating insufficient conveyance/storage capacity for peak runoff. | AM72: No | AN72: Based on future design | AO72: Based on future design | AP72: Permenent | AQ72: No | AR72: - | AS72: 1:2 | AT72: 23mm depth for 24hr | AU72: Based on future design | AV72: Based on future design | AW72: the information will be provided by end of next week | AX72: the information will be provided by end of next week | AY72: future project | AZ72: future project | BA72: future project | BB72: No | BC72: - | BD72: - | BE72: Not Started | BF72: AAI | BG72: =IF(A72="","",AND(TRIM(G72&"")<>"",UPPER(TRIM(G72&""))<>"NO")) -> TRUE | BH72: =IF(J72="","",IF(ISNUMBER(SEARCH("absen",J72)),"Absence of Drainage Network",IF(OR(ISNUMBER(SEARCH("design",J72)),ISNUMBER(SEARCH("capacity",J72))),"Inadequate Design Capacity",IF(OR(ISNUMBER(SEARCH("upgrade",J72)),ISNUMBER(SEARCH("network",J72)),ISNUMBER(SEARCH("topog",J72)),ISNUMBER(SEARCH("road",J72))),"Topography & Road Engineering","CHECK - map manually")))) -> Inadequate Design Capacity | BI72: =IF(A72="","",AND(UPPER(TRIM(BF72&""))="IDD",OR(TRIM(AN72&"")<>"",TRIM(AY72&"")<>"",TRIM(AZ72&"")<>""))) -> FALSE | BJ72: =IF(A72="","",IF(ISNUMBER(AZ72),AZ72,"CLIENT INPUT REQUIRED")) -> CLIENT INPUT REQUIRED | BK72: =IF(A72="","",IF(BI72<>TRUE(),"No specific plan",IF(ISNUMBER(BJ72),IF(BJ72<'Exec Summary'!$C$4,"Resolved before Feb 2027","Resolved after Feb 2027"),"CLIENT INPUT REQUIRED"))) -> No specific plan
A73: 70 | B73: Al Qattarah | C73: 96-124 Al Dameed St, Al Qattarah - Al Mragha | D73: 24.261376° | E73: 55.754789° | F73: Very High | G73: Applicable with (AACM) | I73: Yes | J73: Inadequate Design Capacity | K73: Existing or nearby drainage arrangements at 96-124 Al Dameed St, Al Qattarah - Al Mragha require pumping support during storm events, indicating insufficient conveyance/storage capacity for peak runoff. | AM73: No | AN73: Based on future design | AO73: Based on future design | AP73: Permenent | AQ73: No | AR73: - | AS73: 1:2 | AT73: 23mm depth for 24hr | AU73: Based on future design | AV73: Based on future design | AW73: the information will be provided by end of next week | AX73: the information will be provided by end of next week | AY73: future project | AZ73: future project | BA73: future project | BB73: No | BC73: - | BD73: - | BE73: Not Started | BF73: AAI | BG73: =IF(A73="","",AND(TRIM(G73&"")<>"",UPPER(TRIM(G73&""))<>"NO")) -> TRUE | BH73: =IF(J73="","",IF(ISNUMBER(SEARCH("absen",J73)),"Absence of Drainage Network",IF(OR(ISNUMBER(SEARCH("design",J73)),ISNUMBER(SEARCH("capacity",J73))),"Inadequate Design Capacity",IF(OR(ISNUMBER(SEARCH("upgrade",J73)),ISNUMBER(SEARCH("network",J73)),ISNUMBER(SEARCH("topog",J73)),ISNUMBER(SEARCH("road",J73))),"Topography & Road Engineering","CHECK - map manually")))) -> Inadequate Design Capacity | BI73: =IF(A73="","",AND(UPPER(TRIM(BF73&""))="IDD",OR(TRIM(AN73&"")<>"",TRIM(AY73&"")<>"",TRIM(AZ73&"")<>""))) -> FALSE | BJ73: =IF(A73="","",IF(ISNUMBER(AZ73),AZ73,"CLIENT INPUT REQUIRED")) -> CLIENT INPUT REQUIRED | BK73: =IF(A73="","",IF(BI73<>TRUE(),"No specific plan",IF(ISNUMBER(BJ73),IF(BJ73<'Exec Summary'!$C$4,"Resolved before Feb 2027","Resolved after Feb 2027"),"CLIENT INPUT REQUIRED"))) -> No specific plan
A74: 71 | B74: Al Qattarah | C74: Bani Yas St, Al Qattarah - Al Mergab | D74: 24.271699 | E74: 55.755454 | F74: Very High | G74: Applicable with (AACM) | I74: Yes | J74: Inadequate Design Capacity | K74: Existing or nearby drainage arrangements at Bani Yas St, Al Qattarah - Al Mergab require pumping support during storm events, indicating insufficient conveyance/storage capacity for peak runoff. | AM74: Yes | AN74: Upgrade Network | AO74: Upgrade Network | AP74: Permenent | AQ74: No | AR74: - | AS74: 1:2 | AT74: 23mm depth for 24hr | AU74: 1:5 | AV74: 47mm depth for 24hr | AW74: the information will be provided by end of next week | AX74: the information will be provided by end of next week | AY74: 45231 | AZ74: 46082 | BA74: Hand Over Phase | BB74: Yes | BC74: 45231 | BD74: 46082 | BE74: Completed | BF74: AAM | BG74: =IF(A74="","",AND(TRIM(G74&"")<>"",UPPER(TRIM(G74&""))<>"NO")) -> TRUE | BH74: =IF(J74="","",IF(ISNUMBER(SEARCH("absen",J74)),"Absence of Drainage Network",IF(OR(ISNUMBER(SEARCH("design",J74)),ISNUMBER(SEARCH("capacity",J74))),"Inadequate Design Capacity",IF(OR(ISNUMBER(SEARCH("upgrade",J74)),ISNUMBER(SEARCH("network",J74)),ISNUMBER(SEARCH("topog",J74)),ISNUMBER(SEARCH("road",J74))),"Topography & Road Engineering","CHECK - map manually")))) -> Inadequate Design Capacity | BI74: =IF(A74="","",AND(UPPER(TRIM(BF74&""))="IDD",OR(TRIM(AN74&"")<>"",TRIM(AY74&"")<>"",TRIM(AZ74&"")<>""))) -> FALSE | BJ74: =IF(A74="","",IF(ISNUMBER(AZ74),AZ74,"CLIENT INPUT REQUIRED")) -> 46082 | BK74: =IF(A74="","",IF(BI74<>TRUE(),"No specific plan",IF(ISNUMBER(BJ74),IF(BJ74<'Exec Summary'!$C$4,"Resolved before Feb 2027","Resolved after Feb 2027"),"CLIENT INPUT REQUIRED"))) -> No specific plan
A75: 72 | B75: Al Qattarah | C75: alfurusia roundabout (Equestrianism)- Al Qattarah - Al Mergab | D75: 24.272302 | E75: 55.760298 | F75: Very High | G75: Applicable with (AACM) | I75: Yes | J75: Inadequate Design Capacity | K75: Existing or nearby drainage arrangements at alfurusia roundabout (Equestrianism)- Al Qattarah - Al Mergab require pumping support during storm events, indicating insufficient conveyance/storage capacity for peak runoff. | AM75: Yes | AN75: Upgrade Network | AO75: Upgrade Network | AP75: Permenent | AQ75: No | AR75: - | AS75: 1:2 | AT75: 23mm depth for 24hr | AU75: 1:5 | AV75: 47mm depth for 24hr | AW75: the information will be provided by end of next week | AX75: the information will be provided by end of next week | AY75: 45231 | AZ75: 46082 | BA75: Hand Over Phase | BB75: Yes | BC75: 45231 | BD75: 46082 | BE75: Completed | BF75: AAM | BG75: =IF(A75="","",AND(TRIM(G75&"")<>"",UPPER(TRIM(G75&""))<>"NO")) -> TRUE | BH75: =IF(J75="","",IF(ISNUMBER(SEARCH("absen",J75)),"Absence of Drainage Network",IF(OR(ISNUMBER(SEARCH("design",J75)),ISNUMBER(SEARCH("capacity",J75))),"Inadequate Design Capacity",IF(OR(ISNUMBER(SEARCH("upgrade",J75)),ISNUMBER(SEARCH("network",J75)),ISNUMBER(SEARCH("topog",J75)),ISNUMBER(SEARCH("road",J75))),"Topography & Road Engineering","CHECK - map manually")))) -> Inadequate Design Capacity | BI75: =IF(A75="","",AND(UPPER(TRIM(BF75&""))="IDD",OR(TRIM(AN75&"")<>"",TRIM(AY75&"")<>"",TRIM(AZ75&"")<>""))) -> FALSE | BJ75: =IF(A75="","",IF(ISNUMBER(AZ75),AZ75,"CLIENT INPUT REQUIRED")) -> 46082 | BK75: =IF(A75="","",IF(BI75<>TRUE(),"No specific plan",IF(ISNUMBER(BJ75),IF(BJ75<'Exec Summary'!$C$4,"Resolved before Feb 2027","Resolved after Feb 2027"),"CLIENT INPUT REQUIRED"))) -> No specific plan
A76: 73 | B76: Al Qattarah | C76: Bani Yas St, Al Qattarah - Al Mergab | D76: 24.27138 | E76: 55.753622 | F76: Very High | G76: Applicable with (AACM) | I76: Yes | J76: Inadequate Design Capacity | K76: Existing or nearby drainage arrangements at Bani Yas St, Al Qattarah - Al Mergab require pumping support during storm events, indicating insufficient conveyance/storage capacity for peak runoff. | AM76: Yes | AN76: Upgrade Network | AO76: Upgrade Network | AP76: Permenent | AQ76: No | AR76: - | AS76: 1:2 | AT76: 23mm depth for 24hr | AU76: 1:5 | AV76: 47mm depth for 24hr | AW76: the information will be provided by end of next week | AX76: the information will be provided by end of next week | AY76: 45231 | AZ76: 46082 | BA76: Hand Over Phase | BB76: Yes | BC76: 45231 | BD76: 46082 | BE76: Completed | BF76: AAM | BG76: =IF(A76="","",AND(TRIM(G76&"")<>"",UPPER(TRIM(G76&""))<>"NO")) -> TRUE | BH76: =IF(J76="","",IF(ISNUMBER(SEARCH("absen",J76)),"Absence of Drainage Network",IF(OR(ISNUMBER(SEARCH("design",J76)),ISNUMBER(SEARCH("capacity",J76))),"Inadequate Design Capacity",IF(OR(ISNUMBER(SEARCH("upgrade",J76)),ISNUMBER(SEARCH("network",J76)),ISNUMBER(SEARCH("topog",J76)),ISNUMBER(SEARCH("road",J76))),"Topography & Road Engineering","CHECK - map manually")))) -> Inadequate Design Capacity | BI76: =IF(A76="","",AND(UPPER(TRIM(BF76&""))="IDD",OR(TRIM(AN76&"")<>"",TRIM(AY76&"")<>"",TRIM(AZ76&"")<>""))) -> FALSE | BJ76: =IF(A76="","",IF(ISNUMBER(AZ76),AZ76,"CLIENT INPUT REQUIRED")) -> 46082 | BK76: =IF(A76="","",IF(BI76<>TRUE(),"No specific plan",IF(ISNUMBER(BJ76),IF(BJ76<'Exec Summary'!$C$4,"Resolved before Feb 2027","Resolved after Feb 2027"),"CLIENT INPUT REQUIRED"))) -> No specific plan
A77: 74 | B77: Al Sarouj & Al Noud | C77: Al Qanadeel St, Al Sarouj - Al Harmoozi | D77: 24.202706 | E77: 55.775854 | F77: Very High | G77: Applicable with (AACM) | I77: No | J77: Absence of Drainage Network | K77: No effective stormwater connection is evident from the listed interventionat Al Qanadeel St, Al Sarouj - Al Harmoozi require pumping support during storm events, indicating insufficient conveyance/storage capacity for peak runoff. | P77: 0 | Z77: 0 | AA77: 5 | AB77: 25000 | AM77: No | AN77: Based on future design | AO77: Based on future design | AP77: Permenent | AQ77: No | AR77: - | AS77: No network | AT77: N/A | AU77: Based on future design | AV77: Based on future design | AW77: the information will be provided by end of next week | AX77: the information will be provided by end of next week | AY77: future project | AZ77: future project | BA77: future project | BB77: No | BC77: - | BD77: - | BE77: Not Started | BF77: AAI | BG77: =IF(A77="","",AND(TRIM(G77&"")<>"",UPPER(TRIM(G77&""))<>"NO")) -> TRUE | BH77: =IF(J77="","",IF(ISNUMBER(SEARCH("absen",J77)),"Absence of Drainage Network",IF(OR(ISNUMBER(SEARCH("design",J77)),ISNUMBER(SEARCH("capacity",J77))),"Inadequate Design Capacity",IF(OR(ISNUMBER(SEARCH("upgrade",J77)),ISNUMBER(SEARCH("network",J77)),ISNUMBER(SEARCH("topog",J77)),ISNUMBER(SEARCH("road",J77))),"Topography & Road Engineering","CHECK - map manually")))) -> Absence of Drainage Network | BI77: =IF(A77="","",AND(UPPER(TRIM(BF77&""))="IDD",OR(TRIM(AN77&"")<>"",TRIM(AY77&"")<>"",TRIM(AZ77&"")<>""))) -> FALSE | BJ77: =IF(A77="","",IF(ISNUMBER(AZ77),AZ77,"CLIENT INPUT REQUIRED")) -> CLIENT INPUT REQUIRED | BK77: =IF(A77="","",IF(BI77<>TRUE(),"No specific plan",IF(ISNUMBER(BJ77),IF(BJ77<'Exec Summary'!$C$4,"Resolved before Feb 2027","Resolved after Feb 2027"),"CLIENT INPUT REQUIRED"))) -> No specific plan
A78: 75 | B78: Al Sarouj & Al Noud | C78: Al Harmoozi, Al Sarouj | D78: 24.198519 | E78: 55.781495 | F78: Very High | G78: Applicable with (AACM) | I78: Yes | J78: Inadequate Design Capacity | K78: Existing or nearby drainage arrangements at Al Harmoozi, Al Sarouj require pumping support during storm events, indicating insufficient conveyance/storage capacity for peak runoff. | AM78: No | AN78: Based on future design | AO78: Based on future design | AP78: Permenent | AQ78: No | AR78: - | AS78: 1:2 | AT78: 23mm depth for 24hr | AU78: Based on future design | AV78: Based on future design | AW78: the information will be provided by end of next week | AX78: the information will be provided by end of next week | AY78: future project | AZ78: future project | BA78: future project | BB78: No | BC78: - | BD78: - | BE78: Not Started | BF78: AAI | BG78: =IF(A78="","",AND(TRIM(G78&"")<>"",UPPER(TRIM(G78&""))<>"NO")) -> TRUE | BH78: =IF(J78="","",IF(ISNUMBER(SEARCH("absen",J78)),"Absence of Drainage Network",IF(OR(ISNUMBER(SEARCH("design",J78)),ISNUMBER(SEARCH("capacity",J78))),"Inadequate Design Capacity",IF(OR(ISNUMBER(SEARCH("upgrade",J78)),ISNUMBER(SEARCH("network",J78)),ISNUMBER(SEARCH("topog",J78)),ISNUMBER(SEARCH("road",J78))),"Topography & Road Engineering","CHECK - map manually")))) -> Inadequate Design Capacity | BI78: =IF(A78="","",AND(UPPER(TRIM(BF78&""))="IDD",OR(TRIM(AN78&"")<>"",TRIM(AY78&"")<>"",TRIM(AZ78&"")<>""))) -> FALSE | BJ78: =IF(A78="","",IF(ISNUMBER(AZ78),AZ78,"CLIENT INPUT REQUIRED")) -> CLIENT INPUT REQUIRED | BK78: =IF(A78="","",IF(BI78<>TRUE(),"No specific plan",IF(ISNUMBER(BJ78),IF(BJ78<'Exec Summary'!$C$4,"Resolved before Feb 2027","Resolved after Feb 2027"),"CLIENT INPUT REQUIRED"))) -> No specific plan
A79: 76 | B79: Al Sarouj & Al Noud | C79: Hai Al Wadi, Al Sarouj | D79: 24.186938 | E79: 55.799176 | F79: Very High | G79: Not Applicable / Not identified | I79: No | J79: Topography & Road Engineering | K79: Local overland flow/road grading conditions at Hai Al Wadi, Al Sarouj require temporary bunding/barriers and operational dewatering until a permanent drainage/conveyance solution is implemented. | AM79: No | AN79: Based on future design | AO79: Based on future design | AP79: Permenent | AQ79: No | AR79: - | AS79: 1:2 | AT79: 23mm depth for 24hr | AU79: Based on future design | AV79: Based on future design | AW79: the information will be provided by end of next week | AX79: the information will be provided by end of next week | AY79: future project | AZ79: future project | BA79: future project | BB79: No | BC79: - | BD79: - | BE79: Not Started | BF79: AAI | BG79: =IF(A79="","",AND(TRIM(G79&"")<>"",UPPER(TRIM(G79&""))<>"NO")) -> TRUE | BH79: =IF(J79="","",IF(ISNUMBER(SEARCH("absen",J79)),"Absence of Drainage Network",IF(OR(ISNUMBER(SEARCH("design",J79)),ISNUMBER(SEARCH("capacity",J79))),"Inadequate Design Capacity",IF(OR(ISNUMBER(SEARCH("upgrade",J79)),ISNUMBER(SEARCH("network",J79)),ISNUMBER(SEARCH("topog",J79)),ISNUMBER(SEARCH("road",J79))),"Topography & Road Engineering","CHECK - map manually")))) -> Topography & Road Engineering | BI79: =IF(A79="","",AND(UPPER(TRIM(BF79&""))="IDD",OR(TRIM(AN79&"")<>"",TRIM(AY79&"")<>"",TRIM(AZ79&"")<>""))) -> FALSE | BJ79: =IF(A79="","",IF(ISNUMBER(AZ79),AZ79,"CLIENT INPUT REQUIRED")) -> CLIENT INPUT REQUIRED | BK79: =IF(A79="","",IF(BI79<>TRUE(),"No specific plan",IF(ISNUMBER(BJ79),IF(BJ79<'Exec Summary'!$C$4,"Resolved before Feb 2027","Resolved after Feb 2027"),"CLIENT INPUT REQUIRED"))) -> No specific plan
A80: 77 | B80: Al Sarouj & Al Noud | C80: Al Mashall, Al Sarouj | D80: 24.202029 | E80: 55.785713 | F80: Very High | G80: Not Applicable / Not identified | I80: No | J80: Topography & Road Engineering | K80: Local overland flow/road grading conditions at Al Mashall, Al Sarouj require temporary bunding/barriers and operational dewatering until a permanent drainage/conveyance solution is implemented. | AM80: No | AN80: Based on future design | AO80: Based on future design | AP80: Permenent | AQ80: No | AR80: - | AS80: 1:2 | AT80: 23mm depth for 24hr | AU80: Based on future design | AV80: Based on future design | AW80: the information will be provided by end of next week | AX80: the information will be provided by end of next week | AY80: future project | AZ80: future project | BA80: future project | BB80: No | BC80: - | BD80: - | BE80: Not Started | BF80: AAI | BG80: =IF(A80="","",AND(TRIM(G80&"")<>"",UPPER(TRIM(G80&""))<>"NO")) -> TRUE | BH80: =IF(J80="","",IF(ISNUMBER(SEARCH("absen",J80)),"Absence of Drainage Network",IF(OR(ISNUMBER(SEARCH("design",J80)),ISNUMBER(SEARCH("capacity",J80))),"Inadequate Design Capacity",IF(OR(ISNUMBER(SEARCH("upgrade",J80)),ISNUMBER(SEARCH("network",J80)),ISNUMBER(SEARCH("topog",J80)),ISNUMBER(SEARCH("road",J80))),"Topography & Road Engineering","CHECK - map manually")))) -> Topography & Road Engineering | BI80: =IF(A80="","",AND(UPPER(TRIM(BF80&""))="IDD",OR(TRIM(AN80&"")<>"",TRIM(AY80&"")<>"",TRIM(AZ80&"")<>""))) -> FALSE | BJ80: =IF(A80="","",IF(ISNUMBER(AZ80),AZ80,"CLIENT INPUT REQUIRED")) -> CLIENT INPUT REQUIRED | BK80: =IF(A80="","",IF(BI80<>TRUE(),"No specific plan",IF(ISNUMBER(BJ80),IF(BJ80<'Exec Summary'!$C$4,"Resolved before Feb 2027","Resolved after Feb 2027"),"CLIENT INPUT REQUIRED"))) -> No specific plan
A81: 78 | B81: Al Sarouj & Al Noud | C81: Al Harmoozi, Al Sarouj | D81: 24.201172 | E81: 55.774411 | F81: Very High | G81: Not Applicable / Not identified | I81: No | J81: Topography & Road Engineering | K81: Local overland flow/road grading conditions at Al Harmoozi, Al Sarouj require temporary bunding/barriers and operational dewatering until a permanent drainage/conveyance solution is implemented. | AM81: No | AN81: Based on future design | AO81: Based on future design | AP81: Permenent | AQ81: No | AR81: - | AS81: 1:2 | AT81: 23mm depth for 24hr | AU81: Based on future design | AV81: Based on future design | AW81: the information will be provided by end of next week | AX81: the information will be provided by end of next week | AY81: future project | AZ81: future project | BA81: future project | BB81: No | BC81: - | BD81: - | BE81: Not Started | BF81: AAI | BG81: =IF(A81="","",AND(TRIM(G81&"")<>"",UPPER(TRIM(G81&""))<>"NO")) -> TRUE | BH81: =IF(J81="","",IF(ISNUMBER(SEARCH("absen",J81)),"Absence of Drainage Network",IF(OR(ISNUMBER(SEARCH("design",J81)),ISNUMBER(SEARCH("capacity",J81))),"Inadequate Design Capacity",IF(OR(ISNUMBER(SEARCH("upgrade",J81)),ISNUMBER(SEARCH("network",J81)),ISNUMBER(SEARCH("topog",J81)),ISNUMBER(SEARCH("road",J81))),"Topography & Road Engineering","CHECK - map manually")))) -> Topography & Road Engineering | BI81: =IF(A81="","",AND(UPPER(TRIM(BF81&""))="IDD",OR(TRIM(AN81&"")<>"",TRIM(AY81&"")<>"",TRIM(AZ81&"")<>""))) -> FALSE | BJ81: =IF(A81="","",IF(ISNUMBER(AZ81),AZ81,"CLIENT INPUT REQUIRED")) -> CLIENT INPUT REQUIRED | BK81: =IF(A81="","",IF(BI81<>TRUE(),"No specific plan",IF(ISNUMBER(BJ81),IF(BJ81<'Exec Summary'!$C$4,"Resolved before Feb 2027","Resolved after Feb 2027"),"CLIENT INPUT REQUIRED"))) -> No specific plan
A82: 79 | B82: Al Sarouj & Al Noud | C82: 29-23 Al Qutami St, Al Sarouj - Hai Al Wadi | D82: 24.18743 | E82: 55.807983 | F82: Very High | G82: Applicable with (AACM) | I82: No | J82: Topography & Road Engineering | K82: Local overland flow/road grading conditions at 29-23 Al Qutami St, Al Sarouj - Hai Al Wadi require temporary bunding/barriers and operational dewatering until a permanent drainage/conveyance solution is implemented. | AM82: No | AN82: Based on future design | AO82: Based on future design | AP82: Permenent | AQ82: No | AR82: - | AS82: 1:2 | AT82: 23mm depth for 24hr | AU82: Based on future design | AV82: Based on future design | AW82: the information will be provided by end of next week | AX82: the information will be provided by end of next week | AY82: future project | AZ82: future project | BA82: future project | BB82: No | BC82: - | BD82: - | BE82: Not Started | BF82: AAI | BG82: =IF(A82="","",AND(TRIM(G82&"")<>"",UPPER(TRIM(G82&""))<>"NO")) -> TRUE | BH82: =IF(J82="","",IF(ISNUMBER(SEARCH("absen",J82)),"Absence of Drainage Network",IF(OR(ISNUMBER(SEARCH("design",J82)),ISNUMBER(SEARCH("capacity",J82))),"Inadequate Design Capacity",IF(OR(ISNUMBER(SEARCH("upgrade",J82)),ISNUMBER(SEARCH("network",J82)),ISNUMBER(SEARCH("topog",J82)),ISNUMBER(SEARCH("road",J82))),"Topography & Road Engineering","CHECK - map manually")))) -> Topography & Road Engineering | BI82: =IF(A82="","",AND(UPPER(TRIM(BF82&""))="IDD",OR(TRIM(AN82&"")<>"",TRIM(AY82&"")<>"",TRIM(AZ82&"")<>""))) -> FALSE | BJ82: =IF(A82="","",IF(ISNUMBER(AZ82),AZ82,"CLIENT INPUT REQUIRED")) -> CLIENT INPUT REQUIRED | BK82: =IF(A82="","",IF(BI82<>TRUE(),"No specific plan",IF(ISNUMBER(BJ82),IF(BJ82<'Exec Summary'!$C$4,"Resolved before Feb 2027","Resolved after Feb 2027"),"CLIENT INPUT REQUIRED"))) -> No specific plan
A83: 80 | B83: Al Sarouj & Al Noud | C83: Al Mashall, Al Sarouj | D83: 24.198344 | E83: 55.796555 | F83: Very High | G83: Applicable with (AACM) | I83: No | J83: Topography & Road Engineering | K83: Local overland flow/road grading conditions at Al Mashall, Al Sarouj require temporary bunding/barriers and operational dewatering until a permanent drainage/conveyance solution is implemented. | AM83: No | AN83: Based on future design | AO83: Based on future design | AP83: Permenent | AQ83: No | AR83: - | AS83: 1:2 | AT83: 23mm depth for 24hr | AU83: Based on future design | AV83: Based on future design | AW83: the information will be provided by end of next week | AX83: the information will be provided by end of next week | AY83: future project | AZ83: future project | BA83: future project | BB83: No | BC83: - | BD83: - | BE83: Not Started | BF83: AAI | BG83: =IF(A83="","",AND(TRIM(G83&"")<>"",UPPER(TRIM(G83&""))<>"NO")) -> TRUE | BH83: =IF(J83="","",IF(ISNUMBER(SEARCH("absen",J83)),"Absence of Drainage Network",IF(OR(ISNUMBER(SEARCH("design",J83)),ISNUMBER(SEARCH("capacity",J83))),"Inadequate Design Capacity",IF(OR(ISNUMBER(SEARCH("upgrade",J83)),ISNUMBER(SEARCH("network",J83)),ISNUMBER(SEARCH("topog",J83)),ISNUMBER(SEARCH("road",J83))),"Topography & Road Engineering","CHECK - map manually")))) -> Topography & Road Engineering | BI83: =IF(A83="","",AND(UPPER(TRIM(BF83&""))="IDD",OR(TRIM(AN83&"")<>"",TRIM(AY83&"")<>"",TRIM(AZ83&"")<>""))) -> FALSE | BJ83: =IF(A83="","",IF(ISNUMBER(AZ83),AZ83,"CLIENT INPUT REQUIRED")) -> CLIENT INPUT REQUIRED | BK83: =IF(A83="","",IF(BI83<>TRUE(),"No specific plan",IF(ISNUMBER(BJ83),IF(BJ83<'Exec Summary'!$C$4,"Resolved before Feb 2027","Resolved after Feb 2027"),"CLIENT INPUT REQUIRED"))) -> No specific plan
A84: 81 | B84: Al Sarouj & Al Noud | C84: Zayed Bin Sultan St Hai Al Wadi, Al Sarouj | D84: 24.179089 | E84: 55.796018 | F84: Very High | G84: Applicable with (AACM) | I84: No | J84: Topography & Road Engineering | K84: Local overland flow/road grading conditions at Zayed Bin Sultan St Hai Al Wadi, Al Sarouj require temporary bunding/barriers and operational dewatering until a permanent drainage/conveyance solution is implemented. | AM84: No | AN84: Based on future design | AO84: Based on future design | AP84: Permenent | AQ84: No | AR84: - | AS84: 1:2 | AT84: 23mm depth for 24hr | AU84: Based on future design | AV84: Based on future design | AW84: the information will be provided by end of next week | AX84: the information will be provided by end of next week | AY84: future project | AZ84: future project | BA84: future project | BB84: No | BC84: - | BD84: - | BE84: Not Started | BF84: AAI | BG84: =IF(A84="","",AND(TRIM(G84&"")<>"",UPPER(TRIM(G84&""))<>"NO")) -> TRUE | BH84: =IF(J84="","",IF(ISNUMBER(SEARCH("absen",J84)),"Absence of Drainage Network",IF(OR(ISNUMBER(SEARCH("design",J84)),ISNUMBER(SEARCH("capacity",J84))),"Inadequate Design Capacity",IF(OR(ISNUMBER(SEARCH("upgrade",J84)),ISNUMBER(SEARCH("network",J84)),ISNUMBER(SEARCH("topog",J84)),ISNUMBER(SEARCH("road",J84))),"Topography & Road Engineering","CHECK - map manually")))) -> Topography & Road Engineering | BI84: =IF(A84="","",AND(UPPER(TRIM(BF84&""))="IDD",OR(TRIM(AN84&"")<>"",TRIM(AY84&"")<>"",TRIM(AZ84&"")<>""))) -> FALSE | BJ84: =IF(A84="","",IF(ISNUMBER(AZ84),AZ84,"CLIENT INPUT REQUIRED")) -> CLIENT INPUT REQUIRED | BK84: =IF(A84="","",IF(BI84<>TRUE(),"No specific plan",IF(ISNUMBER(BJ84),IF(BJ84<'Exec Summary'!$C$4,"Resolved before Feb 2027","Resolved after Feb 2027"),"CLIENT INPUT REQUIRED"))) -> No specific plan
A85: 82 | B85: Al Sarouj & Al Noud | C85: Al Harmoozi, Al Sarouj | D85: 24.206211 | E85: 55.782024 | F85: Very High | G85: Not Applicable / Not identified | I85: No | J85: Topography & Road Engineering | K85: Local overland flow/road grading conditions at Al Harmoozi, Al Sarouj require temporary bunding/barriers and operational dewatering until a permanent drainage/conveyance solution is implemented. | AM85: Yes | AN85: Upgrade Underpass drainage system | AO85: Upgrade Underpass drainage system | AP85: Permenent | AQ85: No | AR85: - | AS85: 1:2 | AT85: 23mm depth for 24hr | AU85: 1:50 | AV85: 105mm depth for 24hr | AW85: the information will be provided by end of next week | AX85: the information will be provided by end of next week | AY85: 46419 | AZ85: 46783 | BA85: Design phase | BB85: Yes | BC85: - | BD85: - | BE85: Not Started | BF85: AAI | BG85: =IF(A85="","",AND(TRIM(G85&"")<>"",UPPER(TRIM(G85&""))<>"NO")) -> TRUE | BH85: =IF(J85="","",IF(ISNUMBER(SEARCH("absen",J85)),"Absence of Drainage Network",IF(OR(ISNUMBER(SEARCH("design",J85)),ISNUMBER(SEARCH("capacity",J85))),"Inadequate Design Capacity",IF(OR(ISNUMBER(SEARCH("upgrade",J85)),ISNUMBER(SEARCH("network",J85)),ISNUMBER(SEARCH("topog",J85)),ISNUMBER(SEARCH("road",J85))),"Topography & Road Engineering","CHECK - map manually")))) -> Topography & Road Engineering | BI85: =IF(A85="","",AND(UPPER(TRIM(BF85&""))="IDD",OR(TRIM(AN85&"")<>"",TRIM(AY85&"")<>"",TRIM(AZ85&"")<>""))) -> FALSE | BJ85: =IF(A85="","",IF(ISNUMBER(AZ85),AZ85,"CLIENT INPUT REQUIRED")) -> 46783 | BK85: =IF(A85="","",IF(BI85<>TRUE(),"No specific plan",IF(ISNUMBER(BJ85),IF(BJ85<'Exec Summary'!$C$4,"Resolved before Feb 2027","Resolved after Feb 2027"),"CLIENT INPUT REQUIRED"))) -> No specific plan
A86: 83 | B86: Al Sarouj & Al Noud | C86: Truck R/A Wadi Al Ain 3, Al Noud | D86: 24.110738 | E86: 55.82557 | F86: Very High | G86: Applicable with (AACM) | I86: No | J86: Topography & Road Engineering | K86: Local overland flow/road grading conditions at Truck R/A Wadi Al Ain 3, Al Noud require temporary bunding/barriers and operational dewatering until a permanent drainage/conveyance solution is implemented. | AM86: Yes | AN86: New Network | AO86: New Network | AP86: Permenent | AQ86: No | AR86: - | AS86: 1:2 | AT86: 23mm depth for 24hr | AU86: 1:5 | AV86: 47mm depth for 24hr | AW86: the information will be provided by end of next week | AX86: the information will be provided by end of next week | AY86: under construction | AZ86: under construction | BA86: Design phase | BB86: Yes | BC86: - | BD86: - | BE86: Not Started | BF86: AlDar | BG86: =IF(A86="","",AND(TRIM(G86&"")<>"",UPPER(TRIM(G86&""))<>"NO")) -> TRUE | BH86: =IF(J86="","",IF(ISNUMBER(SEARCH("absen",J86)),"Absence of Drainage Network",IF(OR(ISNUMBER(SEARCH("design",J86)),ISNUMBER(SEARCH("capacity",J86))),"Inadequate Design Capacity",IF(OR(ISNUMBER(SEARCH("upgrade",J86)),ISNUMBER(SEARCH("network",J86)),ISNUMBER(SEARCH("topog",J86)),ISNUMBER(SEARCH("road",J86))),"Topography & Road Engineering","CHECK - map manually")))) -> Topography & Road Engineering | BI86: =IF(A86="","",AND(UPPER(TRIM(BF86&""))="IDD",OR(TRIM(AN86&"")<>"",TRIM(AY86&"")<>"",TRIM(AZ86&"")<>""))) -> FALSE | BJ86: =IF(A86="","",IF(ISNUMBER(AZ86),AZ86,"CLIENT INPUT REQUIRED")) -> CLIENT INPUT REQUIRED | BK86: =IF(A86="","",IF(BI86<>TRUE(),"No specific plan",IF(ISNUMBER(BJ86),IF(BJ86<'Exec Summary'!$C$4,"Resolved before Feb 2027","Resolved after Feb 2027"),"CLIENT INPUT REQUIRED"))) -> No specific plan
A87: 84 | B87: Al Sarouj & Al Noud | C87: ADNOC Station, Wadi Al Ain 2, Al Noud | D87: 24.123338 | E87: 55.822417 | F87: Very High | G87: Not Applicable / Not identified | I87: No | J87: Topography & Road Engineering | K87: Local overland flow/road grading conditions at ADNOC Station, Wadi Al Ain 2, Al Noud require temporary bunding/barriers and operational dewatering until a permanent drainage/conveyance solution is implemented. | AM87: Yes | AN87: New Network | AO87: New Network | AP87: Permenent | AQ87: No | AR87: - | AS87: 1:2 | AT87: 23mm depth for 24hr | AU87: 1:5 | AV87: 47mm depth for 24hr | AW87: the information will be provided by end of next week | AX87: the information will be provided by end of next week | AY87: under construction | AZ87: under construction | BA87: Implementation phase | BB87: Yes | BC87: - | BD87: - | BE87: On Track | BF87: AlDar | BG87: =IF(A87="","",AND(TRIM(G87&"")<>"",UPPER(TRIM(G87&""))<>"NO")) -> TRUE | BH87: =IF(J87="","",IF(ISNUMBER(SEARCH("absen",J87)),"Absence of Drainage Network",IF(OR(ISNUMBER(SEARCH("design",J87)),ISNUMBER(SEARCH("capacity",J87))),"Inadequate Design Capacity",IF(OR(ISNUMBER(SEARCH("upgrade",J87)),ISNUMBER(SEARCH("network",J87)),ISNUMBER(SEARCH("topog",J87)),ISNUMBER(SEARCH("road",J87))),"Topography & Road Engineering","CHECK - map manually")))) -> Topography & Road Engineering | BI87: =IF(A87="","",AND(UPPER(TRIM(BF87&""))="IDD",OR(TRIM(AN87&"")<>"",TRIM(AY87&"")<>"",TRIM(AZ87&"")<>""))) -> FALSE | BJ87: =IF(A87="","",IF(ISNUMBER(AZ87),AZ87,"CLIENT INPUT REQUIRED")) -> CLIENT INPUT REQUIRED | BK87: =IF(A87="","",IF(BI87<>TRUE(),"No specific plan",IF(ISNUMBER(BJ87),IF(BJ87<'Exec Summary'!$C$4,"Resolved before Feb 2027","Resolved after Feb 2027"),"CLIENT INPUT REQUIRED"))) -> No specific plan
A88: 85 | B88: Al Shiwayb | C88: AL SHWAIB FAMILY PARK | D88: 24.740023 | E88: 55.788647 | F88: High | G88: Not Applicable / Not identified | I88: Yes | J88: Inadequate Design Capacity | K88: Existing or nearby drainage arrangements at AL SHWAIB FAMILY PARK require pumping support during storm events, indicating insufficient conveyance/storage capacity for peak runoff. | AM88: No | AN88: Based on future design | AO88: Based on future design | AP88: Permenent | AQ88: No | AR88: - | AS88: 1:2 | AT88: 23mm depth for 24hr | AU88: Based on future design | AV88: Based on future design | AW88: the information will be provided by end of next week | AX88: the information will be provided by end of next week | AY88: future project | AZ88: future project | BA88: future project | BB88: No | BC88: - | BD88: - | BE88: Not Started | BF88: AAI | BG88: =IF(A88="","",AND(TRIM(G88&"")<>"",UPPER(TRIM(G88&""))<>"NO")) -> TRUE | BH88: =IF(J88="","",IF(ISNUMBER(SEARCH("absen",J88)),"Absence of Drainage Network",IF(OR(ISNUMBER(SEARCH("design",J88)),ISNUMBER(SEARCH("capacity",J88))),"Inadequate Design Capacity",IF(OR(ISNUMBER(SEARCH("upgrade",J88)),ISNUMBER(SEARCH("network",J88)),ISNUMBER(SEARCH("topog",J88)),ISNUMBER(SEARCH("road",J88))),"Topography & Road Engineering","CHECK - map manually")))) -> Inadequate Design Capacity | BI88: =IF(A88="","",AND(UPPER(TRIM(BF88&""))="IDD",OR(TRIM(AN88&"")<>"",TRIM(AY88&"")<>"",TRIM(AZ88&"")<>""))) -> FALSE | BJ88: =IF(A88="","",IF(ISNUMBER(AZ88),AZ88,"CLIENT INPUT REQUIRED")) -> CLIENT INPUT REQUIRED | BK88: =IF(A88="","",IF(BI88<>TRUE(),"No specific plan",IF(ISNUMBER(BJ88),IF(BJ88<'Exec Summary'!$C$4,"Resolved before Feb 2027","Resolved after Feb 2027"),"CLIENT INPUT REQUIRED"))) -> No specific plan
A89: 86 | B89: Al Shiwayb | C89: Ramlat Al Shuwaib, Al Shiwayb | D89: 24.732111 | E89: 55.781277 | F89: High | G89: Not Applicable / Not identified | I89: Yes | J89: Inadequate Design Capacity | K89: Existing or nearby drainage arrangements at Ramlat Al Shuwaib, Al Shiwayb require pumping support during storm events, indicating insufficient conveyance/storage capacity for peak runoff. | AM89: Yes | AN89: Pond/Side slope protection | AO89: Pond/Side slope protection | AP89: Permenent | AQ89: No | AR89: - | AS89: 1:2 | AT89: 23mm depth for 24hr | AU89: 1:50 | AV89: 105mm depth for 24hr | AW89: the information will be provided by end of next week | AX89: the information will be provided by end of next week | AY89: 45839 | AZ89: 46204 | BA89: Implementation phase | BB89: Yes | BC89: 45839 | BD89: 46204 | BE89: Completed | BF89: AAI | BG89: =IF(A89="","",AND(TRIM(G89&"")<>"",UPPER(TRIM(G89&""))<>"NO")) -> TRUE | BH89: =IF(J89="","",IF(ISNUMBER(SEARCH("absen",J89)),"Absence of Drainage Network",IF(OR(ISNUMBER(SEARCH("design",J89)),ISNUMBER(SEARCH("capacity",J89))),"Inadequate Design Capacity",IF(OR(ISNUMBER(SEARCH("upgrade",J89)),ISNUMBER(SEARCH("network",J89)),ISNUMBER(SEARCH("topog",J89)),ISNUMBER(SEARCH("road",J89))),"Topography & Road Engineering","CHECK - map manually")))) -> Inadequate Design Capacity | BI89: =IF(A89="","",AND(UPPER(TRIM(BF89&""))="IDD",OR(TRIM(AN89&"")<>"",TRIM(AY89&"")<>"",TRIM(AZ89&"")<>""))) -> FALSE | BJ89: =IF(A89="","",IF(ISNUMBER(AZ89),AZ89,"CLIENT INPUT REQUIRED")) -> 46204 | BK89: =IF(A89="","",IF(BI89<>TRUE(),"No specific plan",IF(ISNUMBER(BJ89),IF(BJ89<'Exec Summary'!$C$4,"Resolved before Feb 2027","Resolved after Feb 2027"),"CLIENT INPUT REQUIRED"))) -> No specific plan
A90: 87 | B90: Al Shiwayb | C90: Al Shiwayb Rd, Al Shiwayb | D90: 24.739502 | E90: 55.794146 | F90: High | G90: Not Applicable / Not identified | I90: Yes | J90: Inadequate Design Capacity | K90: Existing or nearby drainage arrangements at Al Shiwayb Rd, Al Shiwayb require pumping support during storm events, indicating insufficient conveyance/storage capacity for peak runoff. | AM90: Yes | AN90: Pond/Side slope protection | AO90: Pond/Side slope protection | AP90: Permenent | AQ90: No | AR90: - | AS90: 1:2 | AT90: 23mm depth for 24hr | AU90: 1:50 | AV90: 105mm depth for 24hr | AW90: the information will be provided by end of next week | AX90: the information will be provided by end of next week | AY90: 45839 | AZ90: 46204 | BA90: Implementation phase | BB90: Yes | BC90: 45839 | BD90: 46204 | BE90: Completed | BF90: AAI | BG90: =IF(A90="","",AND(TRIM(G90&"")<>"",UPPER(TRIM(G90&""))<>"NO")) -> TRUE | BH90: =IF(J90="","",IF(ISNUMBER(SEARCH("absen",J90)),"Absence of Drainage Network",IF(OR(ISNUMBER(SEARCH("design",J90)),ISNUMBER(SEARCH("capacity",J90))),"Inadequate Design Capacity",IF(OR(ISNUMBER(SEARCH("upgrade",J90)),ISNUMBER(SEARCH("network",J90)),ISNUMBER(SEARCH("topog",J90)),ISNUMBER(SEARCH("road",J90))),"Topography & Road Engineering","CHECK - map manually")))) -> Inadequate Design Capacity | BI90: =IF(A90="","",AND(UPPER(TRIM(BF90&""))="IDD",OR(TRIM(AN90&"")<>"",TRIM(AY90&"")<>"",TRIM(AZ90&"")<>""))) -> FALSE | BJ90: =IF(A90="","",IF(ISNUMBER(AZ90),AZ90,"CLIENT INPUT REQUIRED")) -> 46204 | BK90: =IF(A90="","",IF(BI90<>TRUE(),"No specific plan",IF(ISNUMBER(BJ90),IF(BJ90<'Exec Summary'!$C$4,"Resolved before Feb 2027","Resolved after Feb 2027"),"CLIENT INPUT REQUIRED"))) -> No specific plan
A91: 88 | B91: Al Shiwayb | C91: Shibak 2, Al Shiwayb Rd. | D91: 24.691216 | E91: 55.727598 | F91: High | G91: Not Applicable / Not identified | I91: Yes | J91: Inadequate Design Capacity | K91: Existing or nearby drainage arrangements at Shibak 2, Al Shiwayb Rd. require pumping support during storm events, indicating insufficient conveyance/storage capacity for peak runoff. | AM91: No | AN91: Based on future design | AO91: Based on future design | AP91: Permenent | AQ91: No | AR91: - | AS91: 1:2 | AT91: 23mm depth for 24hr | AU91: Based on future design | AV91: Based on future design | AW91: the information will be provided by end of next week | AX91: the information will be provided by end of next week | AY91: future project | AZ91: future project | BA91: future project | BB91: No | BC91: - | BD91: - | BE91: Not Started | BF91: AAI | BG91: =IF(A91="","",AND(TRIM(G91&"")<>"",UPPER(TRIM(G91&""))<>"NO")) -> TRUE | BH91: =IF(J91="","",IF(ISNUMBER(SEARCH("absen",J91)),"Absence of Drainage Network",IF(OR(ISNUMBER(SEARCH("design",J91)),ISNUMBER(SEARCH("capacity",J91))),"Inadequate Design Capacity",IF(OR(ISNUMBER(SEARCH("upgrade",J91)),ISNUMBER(SEARCH("network",J91)),ISNUMBER(SEARCH("topog",J91)),ISNUMBER(SEARCH("road",J91))),"Topography & Road Engineering","CHECK - map manually")))) -> Inadequate Design Capacity | BI91: =IF(A91="","",AND(UPPER(TRIM(BF91&""))="IDD",OR(TRIM(AN91&"")<>"",TRIM(AY91&"")<>"",TRIM(AZ91&"")<>""))) -> FALSE | BJ91: =IF(A91="","",IF(ISNUMBER(AZ91),AZ91,"CLIENT INPUT REQUIRED")) -> CLIENT INPUT REQUIRED | BK91: =IF(A91="","",IF(BI91<>TRUE(),"No specific plan",IF(ISNUMBER(BJ91),IF(BJ91<'Exec Summary'!$C$4,"Resolved before Feb 2027","Resolved after Feb 2027"),"CLIENT INPUT REQUIRED"))) -> No specific plan
A92: 89 | B92: Al Tiwayya | C92: 6-8 Al Mu'attar St, Al Markhaniyyah - Muaifaa | D92: 24.250512° | E92: 55.687096° | F92: Medium | G92: applicable with (AACM) | I92: Yes | J92: Inadequate Design Capacity | K92: Existing or nearby drainage arrangements at 6-8 Al Mu'attar St, Al Markhaniyyah - Muaifaa require pumping support during storm events, indicating insufficient conveyance/storage capacity for peak runoff. | P92: 0 | Z92: 0 | AA92: 3 | AB92: 15000 | AM92: No | AN92: Based on future design | AO92: Based on future design | AP92: Permenent | AQ92: No | AR92: - | AS92: 1:2 | AT92: 23mm depth for 24hr | AU92: Based on future design | AV92: Based on future design | AW92: the information will be provided by end of next week | AX92: the information will be provided by end of next week | AY92: future project | AZ92: future project | BA92: future project | BB92: No | BC92: - | BD92: - | BE92: Not Started | BF92: AAI | BG92: =IF(A92="","",AND(TRIM(G92&"")<>"",UPPER(TRIM(G92&""))<>"NO")) -> TRUE | BH92: =IF(J92="","",IF(ISNUMBER(SEARCH("absen",J92)),"Absence of Drainage Network",IF(OR(ISNUMBER(SEARCH("design",J92)),ISNUMBER(SEARCH("capacity",J92))),"Inadequate Design Capacity",IF(OR(ISNUMBER(SEARCH("upgrade",J92)),ISNUMBER(SEARCH("network",J92)),ISNUMBER(SEARCH("topog",J92)),ISNUMBER(SEARCH("road",J92))),"Topography & Road Engineering","CHECK - map manually")))) -> Inadequate Design Capacity | BI92: =IF(A92="","",AND(UPPER(TRIM(BF92&""))="IDD",OR(TRIM(AN92&"")<>"",TRIM(AY92&"")<>"",TRIM(AZ92&"")<>""))) -> FALSE | BJ92: =IF(A92="","",IF(ISNUMBER(AZ92),AZ92,"CLIENT INPUT REQUIRED")) -> CLIENT INPUT REQUIRED | BK92: =IF(A92="","",IF(BI92<>TRUE(),"No specific plan",IF(ISNUMBER(BJ92),IF(BJ92<'Exec Summary'!$C$4,"Resolved before Feb 2027","Resolved after Feb 2027"),"CLIENT INPUT REQUIRED"))) -> No specific plan
A93: 90 | B93: Al Tiwayya | C93: Jafeer Obaid, Al Tiwayya | D93: 24.249841 | E93: 55.702191 | F93: Medium | G93: Not Applicable / Not identified | I93: Yes | J93: Inadequate Design Capacity | K93: Existing or nearby drainage arrangements at Jafeer Obaid, Al Tiwayya require pumping support during storm events, indicating insufficient conveyance/storage capacity for peak runoff. | AM93: Yes | AN93: Upgrade Network | AO93: Upgrade Network | AP93: Permenent | AQ93: No | AR93: - | AS93: 1:2 | AT93: 23mm depth for 24hr | AU93: 1:5 | AV93: 47mm depth for 24hr | AW93: the information will be provided by end of next week | AX93: the information will be provided by end of next week | AY93: 45658 | AZ93: 46357 | BA93: Implementation phase | BB93: Yes | BC93: 45916 | BD93: 46244 | BE93: Completed | BF93: AAI | BG93: =IF(A93="","",AND(TRIM(G93&"")<>"",UPPER(TRIM(G93&""))<>"NO")) -> TRUE | BH93: =IF(J93="","",IF(ISNUMBER(SEARCH("absen",J93)),"Absence of Drainage Network",IF(OR(ISNUMBER(SEARCH("design",J93)),ISNUMBER(SEARCH("capacity",J93))),"Inadequate Design Capacity",IF(OR(ISNUMBER(SEARCH("upgrade",J93)),ISNUMBER(SEARCH("network",J93)),ISNUMBER(SEARCH("topog",J93)),ISNUMBER(SEARCH("road",J93))),"Topography & Road Engineering","CHECK - map manually")))) -> Inadequate Design Capacity | BI93: =IF(A93="","",AND(UPPER(TRIM(BF93&""))="IDD",OR(TRIM(AN93&"")<>"",TRIM(AY93&"")<>"",TRIM(AZ93&"")<>""))) -> FALSE | BJ93: =IF(A93="","",IF(ISNUMBER(AZ93),AZ93,"CLIENT INPUT REQUIRED")) -> 46357 | BK93: =IF(A93="","",IF(BI93<>TRUE(),"No specific plan",IF(ISNUMBER(BJ93),IF(BJ93<'Exec Summary'!$C$4,"Resolved before Feb 2027","Resolved after Feb 2027"),"CLIENT INPUT REQUIRED"))) -> No specific plan
A94: 91 | B94: Al Tiwayya | C94: Ras Ash Sheikh St, Al Tiwayya - Eidan Al Ridda | D94: 24.254929 | E94: 55.69451 | F94: Medium | G94: Not Applicable / Not identified | I94: Yes | J94: Inadequate Design Capacity | K94: Existing or nearby drainage arrangements at Ras Ash Sheikh St, Al Tiwayya - Eidan Al Ridda require pumping support during storm events, indicating insufficient conveyance/storage capacity for peak runoff. | AM94: Yes | AN94: Upgrade Network | AO94: Upgrade Network | AP94: Permenent | AQ94: No | AR94: - | AS94: 1:2 | AT94: 23mm depth for 24hr | AU94: 1:5 | AV94: 47mm depth for 24hr | AW94: the information will be provided by end of next week | AX94: the information will be provided by end of next week | AY94: 45658 | AZ94: 46357 | BA94: Implementation phase | BB94: Yes | BC94: 45979 | BD94: 46244 | BE94: Completed | BF94: AAI | BG94: =IF(A94="","",AND(TRIM(G94&"")<>"",UPPER(TRIM(G94&""))<>"NO")) -> TRUE | BH94: =IF(J94="","",IF(ISNUMBER(SEARCH("absen",J94)),"Absence of Drainage Network",IF(OR(ISNUMBER(SEARCH("design",J94)),ISNUMBER(SEARCH("capacity",J94))),"Inadequate Design Capacity",IF(OR(ISNUMBER(SEARCH("upgrade",J94)),ISNUMBER(SEARCH("network",J94)),ISNUMBER(SEARCH("topog",J94)),ISNUMBER(SEARCH("road",J94))),"Topography & Road Engineering","CHECK - map manually")))) -> Inadequate Design Capacity | BI94: =IF(A94="","",AND(UPPER(TRIM(BF94&""))="IDD",OR(TRIM(AN94&"")<>"",TRIM(AY94&"")<>"",TRIM(AZ94&"")<>""))) -> FALSE | BJ94: =IF(A94="","",IF(ISNUMBER(AZ94),AZ94,"CLIENT INPUT REQUIRED")) -> 46357 | BK94: =IF(A94="","",IF(BI94<>TRUE(),"No specific plan",IF(ISNUMBER(BJ94),IF(BJ94<'Exec Summary'!$C$4,"Resolved before Feb 2027","Resolved after Feb 2027"),"CLIENT INPUT REQUIRED"))) -> No specific plan
A95: 92 | B95: Al Tiwayya | C95: Eidan Al Jareh, Al Tiwayya Area | D95: 24.256326 | E95: 55.692214 | F95: Medium | G95: Applicable with (AACM) | I95: Yes | J95: Inadequate Design Capacity | K95: Existing or nearby drainage arrangements at Eidan Al Jareh, Al Tiwayya Area require pumping support during storm events, indicating insufficient conveyance/storage capacity for peak runoff. | AM95: Yes | AN95: Upgrade Network | AO95: Upgrade Network | AP95: Permenent | AQ95: No | AR95: - | AS95: 1:2 | AT95: 23mm depth for 24hr | AU95: 1:5 | AV95: 47mm depth for 24hr | AW95: the information will be provided by end of next week | AX95: the information will be provided by end of next week | AY95: completed | AZ95: completed | BA95: Hand Over Phase | BB95: Yes | BC95: Completed | BD95: Completed | BE95: Completed | BF95: AAM | BG95: =IF(A95="","",AND(TRIM(G95&"")<>"",UPPER(TRIM(G95&""))<>"NO")) -> TRUE | BH95: =IF(J95="","",IF(ISNUMBER(SEARCH("absen",J95)),"Absence of Drainage Network",IF(OR(ISNUMBER(SEARCH("design",J95)),ISNUMBER(SEARCH("capacity",J95))),"Inadequate Design Capacity",IF(OR(ISNUMBER(SEARCH("upgrade",J95)),ISNUMBER(SEARCH("network",J95)),ISNUMBER(SEARCH("topog",J95)),ISNUMBER(SEARCH("road",J95))),"Topography & Road Engineering","CHECK - map manually")))) -> Inadequate Design Capacity | BI95: =IF(A95="","",AND(UPPER(TRIM(BF95&""))="IDD",OR(TRIM(AN95&"")<>"",TRIM(AY95&"")<>"",TRIM(AZ95&"")<>""))) -> FALSE | BJ95: =IF(A95="","",IF(ISNUMBER(AZ95),AZ95,"CLIENT INPUT REQUIRED")) -> CLIENT INPUT REQUIRED | BK95: =IF(A95="","",IF(BI95<>TRUE(),"No specific plan",IF(ISNUMBER(BJ95),IF(BJ95<'Exec Summary'!$C$4,"Resolved before Feb 2027","Resolved after Feb 2027"),"CLIENT INPUT REQUIRED"))) -> No specific plan
A96: 93 | B96: Al Wiqan | C96: Um Az Zumoul Rd, Al Wiqan - Saq Al Awir | D96: 23.63501 | E96: 55.56777 | F96: Very High | G96: Not Applicable / Not identified | I96: Yes | J96: Inadequate Design Capacity | K96: Existing or nearby drainage arrangements at Um Az Zumoul Rd, Al Wiqan - Saq Al Awir require pumping support during storm events, indicating insufficient conveyance/storage capacity for peak runoff. | P96: 2 | Z96: 10000 | AA96: 5 | AB96: 25000 | AM96: No | AN96: Based on future design | AO96: Based on future design | AP96: Permenent | AQ96: No | AR96: - | AS96: 1:2 | AT96: 23mm depth for 24hr | AU96: Based on future design | AV96: Based on future design | AW96: the information will be provided by end of next week | AX96: the information will be provided by end of next week | AY96: future project | AZ96: future project | BA96: future project | BB96: No | BC96: - | BD96: - | BE96: Not Started | BF96: AAI | BG96: =IF(A96="","",AND(TRIM(G96&"")<>"",UPPER(TRIM(G96&""))<>"NO")) -> TRUE | BH96: =IF(J96="","",IF(ISNUMBER(SEARCH("absen",J96)),"Absence of Drainage Network",IF(OR(ISNUMBER(SEARCH("design",J96)),ISNUMBER(SEARCH("capacity",J96))),"Inadequate Design Capacity",IF(OR(ISNUMBER(SEARCH("upgrade",J96)),ISNUMBER(SEARCH("network",J96)),ISNUMBER(SEARCH("topog",J96)),ISNUMBER(SEARCH("road",J96))),"Topography & Road Engineering","CHECK - map manually")))) -> Inadequate Design Capacity | BI96: =IF(A96="","",AND(UPPER(TRIM(BF96&""))="IDD",OR(TRIM(AN96&"")<>"",TRIM(AY96&"")<>"",TRIM(AZ96&"")<>""))) -> FALSE | BJ96: =IF(A96="","",IF(ISNUMBER(AZ96),AZ96,"CLIENT INPUT REQUIRED")) -> CLIENT INPUT REQUIRED | BK96: =IF(A96="","",IF(BI96<>TRUE(),"No specific plan",IF(ISNUMBER(BJ96),IF(BJ96<'Exec Summary'!$C$4,"Resolved before Feb 2027","Resolved after Feb 2027"),"CLIENT INPUT REQUIRED"))) -> No specific plan
A97: 94 | B97: Al Wiqan | C97: 26th St, Al Wiqan - Al Sayh | D97: 23.632157 | E97: 55.54532 | F97: Very High | G97: Not Applicable / Not identified | I97: Yes | J97: Inadequate Design Capacity | K97: Existing or nearby drainage arrangements at 26th St, Al Wiqan - Al Sayh require pumping support during storm events, indicating insufficient conveyance/storage capacity for peak runoff. | AM97: No | AN97: Based on future design | AO97: Based on future design | AP97: Permenent | AQ97: No | AR97: - | AS97: 1:2 | AT97: 23mm depth for 24hr | AU97: Based on future design | AV97: Based on future design | AW97: the information will be provided by end of next week | AX97: the information will be provided by end of next week | AY97: future project | AZ97: future project | BA97: future project | BB97: No | BC97: - | BD97: - | BE97: Not Started | BF97: AAI | BG97: =IF(A97="","",AND(TRIM(G97&"")<>"",UPPER(TRIM(G97&""))<>"NO")) -> TRUE | BH97: =IF(J97="","",IF(ISNUMBER(SEARCH("absen",J97)),"Absence of Drainage Network",IF(OR(ISNUMBER(SEARCH("design",J97)),ISNUMBER(SEARCH("capacity",J97))),"Inadequate Design Capacity",IF(OR(ISNUMBER(SEARCH("upgrade",J97)),ISNUMBER(SEARCH("network",J97)),ISNUMBER(SEARCH("topog",J97)),ISNUMBER(SEARCH("road",J97))),"Topography & Road Engineering","CHECK - map manually")))) -> Inadequate Design Capacity | BI97: =IF(A97="","",AND(UPPER(TRIM(BF97&""))="IDD",OR(TRIM(AN97&"")<>"",TRIM(AY97&"")<>"",TRIM(AZ97&"")<>""))) -> FALSE | BJ97: =IF(A97="","",IF(ISNUMBER(AZ97),AZ97,"CLIENT INPUT REQUIRED")) -> CLIENT INPUT REQUIRED | BK97: =IF(A97="","",IF(BI97<>TRUE(),"No specific plan",IF(ISNUMBER(BJ97),IF(BJ97<'Exec Summary'!$C$4,"Resolved before Feb 2027","Resolved after Feb 2027"),"CLIENT INPUT REQUIRED"))) -> No specific plan
A98: 95 | B98: Al Wiqan | C98: Al Muhallab St, Al Wiqan - Ramlat Addimah | D98: 23.641205 | E98: 55.560264 | F98: Very High | G98: Not Applicable / Not identified | I98: Yes | J98: Inadequate Design Capacity | K98: Existing or nearby drainage arrangements at Al Muhallab St, Al Wiqan - Ramlat Addimah require pumping support during storm events, indicating insufficient conveyance/storage capacity for peak runoff. | AM98: No | AN98: Based on future design | AO98: Based on future design | AP98: Permenent | AQ98: No | AR98: - | AS98: 1:2 | AT98: 23mm depth for 24hr | AU98: Based on future design | AV98: Based on future design | AW98: the information will be provided by end of next week | AX98: the information will be provided by end of next week | AY98: future project | AZ98: future project | BA98: future project | BB98: No | BC98: - | BD98: - | BE98: Not Started | BF98: AAI | BG98: =IF(A98="","",AND(TRIM(G98&"")<>"",UPPER(TRIM(G98&""))<>"NO")) -> TRUE | BH98: =IF(J98="","",IF(ISNUMBER(SEARCH("absen",J98)),"Absence of Drainage Network",IF(OR(ISNUMBER(SEARCH("design",J98)),ISNUMBER(SEARCH("capacity",J98))),"Inadequate Design Capacity",IF(OR(ISNUMBER(SEARCH("upgrade",J98)),ISNUMBER(SEARCH("network",J98)),ISNUMBER(SEARCH("topog",J98)),ISNUMBER(SEARCH("road",J98))),"Topography & Road Engineering","CHECK - map manually")))) -> Inadequate Design Capacity | BI98: =IF(A98="","",AND(UPPER(TRIM(BF98&""))="IDD",OR(TRIM(AN98&"")<>"",TRIM(AY98&"")<>"",TRIM(AZ98&"")<>""))) -> FALSE | BJ98: =IF(A98="","",IF(ISNUMBER(AZ98),AZ98,"CLIENT INPUT REQUIRED")) -> CLIENT INPUT REQUIRED | BK98: =IF(A98="","",IF(BI98<>TRUE(),"No specific plan",IF(ISNUMBER(BJ98),IF(BJ98<'Exec Summary'!$C$4,"Resolved before Feb 2027","Resolved after Feb 2027"),"CLIENT INPUT REQUIRED"))) -> No specific plan
A99: 96 | B99: Al Quo'a | C99: 40th St, Al Qou' - Al Quo'a Town | D99: 23.414924 | E99: 55.405548 | F99: High | G99: Applicable with (AACM) | I99: No | J99: Absence of Drainage Network | K99: No effective stormwater connection is evident from the listed intervention at 40th St, Al Qou' - Al Quo'a Town; response is based on tanker dewatering until a drainage network/permanent solution is available. | AM99: No | AN99: Based on future design | AO99: Based on future design | AP99: Permenent | AQ99: No | AR99: - | AS99: No network | AT99: N/A | AU99: Based on future design | AV99: Based on future design | AW99: the information will be provided by end of next week | AX99: the information will be provided by end of next week | AY99: future project | AZ99: future project | BA99: future project | BB99: No | BC99: - | BD99: - | BE99: Not Started | BF99: AAI | BG99: =IF(A99="","",AND(TRIM(G99&"")<>"",UPPER(TRIM(G99&""))<>"NO")) -> TRUE | BH99: =IF(J99="","",IF(ISNUMBER(SEARCH("absen",J99)),"Absence of Drainage Network",IF(OR(ISNUMBER(SEARCH("design",J99)),ISNUMBER(SEARCH("capacity",J99))),"Inadequate Design Capacity",IF(OR(ISNUMBER(SEARCH("upgrade",J99)),ISNUMBER(SEARCH("network",J99)),ISNUMBER(SEARCH("topog",J99)),ISNUMBER(SEARCH("road",J99))),"Topography & Road Engineering","CHECK - map manually")))) -> Absence of Drainage Network | BI99: =IF(A99="","",AND(UPPER(TRIM(BF99&""))="IDD",OR(TRIM(AN99&"")<>"",TRIM(AY99&"")<>"",TRIM(AZ99&"")<>""))) -> FALSE | BJ99: =IF(A99="","",IF(ISNUMBER(AZ99),AZ99,"CLIENT INPUT REQUIRED")) -> CLIENT INPUT REQUIRED | BK99: =IF(A99="","",IF(BI99<>TRUE(),"No specific plan",IF(ISNUMBER(BJ99),IF(BJ99<'Exec Summary'!$C$4,"Resolved before Feb 2027","Resolved after Feb 2027"),"CLIENT INPUT REQUIRED"))) -> No specific plan
A100: 97 | B100: Central District | C100: 25 Al Mandhour St, Central District - Hai Al Murabbaa | D100: 24.222097 | E100: 55.778876 | F100: Very High | G100: Applicable with (AACM) | I100: No | J100: Absence of Drainage Network | K100: No effective stormwater connection is evident from the listed at 25 Al Mandhour St, Central District - Hai Al Murabbaa require pumping support during storm events, indicating insufficient conveyance/storage capacity for peak runoff. | P100: 4 | Z100: 20000 | AA100: 14 | AB100: 70000 | AM100: Yes | AN100: Upgrade Network | AO100: Upgrade Network | AP100: Permenent | AQ100: No | AR100: - | AS100: 1:2 | AT100: 23mm depth for 24hr | AU100: 1:5 | AV100: 47mm depth for 24hr | AW100: the information will be provided by end of next week | AX100: the information will be provided by end of next week | AY100: 46388 | AZ100: 47088 | BA100: Design phase | BB100: Yes | BC100: - | BD100: - | BE100: Not Started | BF100: AAI | BG100: =IF(A100="","",AND(TRIM(G100&"")<>"",UPPER(TRIM(G100&""))<>"NO")) -> TRUE | BH100: =IF(J100="","",IF(ISNUMBER(SEARCH("absen",J100)),"Absence of Drainage Network",IF(OR(ISNUMBER(SEARCH("design",J100)),ISNUMBER(SEARCH("capacity",J100))),"Inadequate Design Capacity",IF(OR(ISNUMBER(SEARCH("upgrade",J100)),ISNUMBER(SEARCH("network",J100)),ISNUMBER(SEARCH("topog",J100)),ISNUMBER(SEARCH("road",J100))),"Topography & Road Engineering","CHECK - map manually")))) -> Absence of Drainage Network | BI100: =IF(A100="","",AND(UPPER(TRIM(BF100&""))="IDD",OR(TRIM(AN100&"")<>"",TRIM(AY100&"")<>"",TRIM(AZ100&"")<>""))) -> FALSE | BJ100: =IF(A100="","",IF(ISNUMBER(AZ100),AZ100,"CLIENT INPUT REQUIRED")) -> 47088 | BK100: =IF(A100="","",IF(BI100<>TRUE(),"No specific plan",IF(ISNUMBER(BJ100),IF(BJ100<'Exec Summary'!$C$4,"Resolved before Feb 2027","Resolved after Feb 2027"),"CLIENT INPUT REQUIRED"))) -> No specific plan
...
