Workbook

Sheet Instructions
B2: Resilient Stormwater Network — 3-Line-of-Defense Sizing Model
B3: Reverse-engineers pond capacity and mobile pump/tanker fleet size per hotspot, across 5/10/25/50/100-year storm scenarios.
B5: How this model works
B6: 1. Hotspots sheet | C6: Enter one row per drainage hotspot: catchment area, runoff coefficient, time of concentration, existing network capacity, and available pond capacity (0 if none exists yet). Score each hotspot 0-3 on five risk criteria — the model ranks hotspots automatically.
B7: 2. IDF_Dubai sheet | C7: Reference rainfall Intensity-Duration-Frequency data, sourced from Dubai Municipality's Stormwater Design Guidelines (v2, July 2024), Table 0-2. Do not edit unless you have site-specific or updated IDF data (e.g. from Abu Dhabi ADM or your own gauge records).
B8: 3. Assumptions sheet | C8: Global parameters used by every calculation — sedimentation allowance, hydrograph shape factor, drawdown time target, pump/tanker unit capacities. Yellow cells are meant to be reviewed and adjusted to your actual fleet and operational targets.
B9: 4. Scenario_Calc sheet | C9: The engine. For every hotspot x return period combination, it pulls rainfall intensity, computes peak flow (Rational Method), compares it to existing network capacity, sizes the required pond volume, and — where ponds fall short — sizes the mobile pump and tanker response needed (Line 3).
B10: 5. Fleet_Summary sheet | C10: Rolls the hotspot-level results up into total fleet requirements per storm scenario — this is what a control room would keep on standby for each severity level.
B11: Colour legend
B12: Blue text | C12: Input cells — your data. Overwrite freely.
B13: Yellow fill | C13: Key assumptions — review before trusting the outputs; defaults are reasonable planning-level placeholders, not your fleet specs.
B14: Black text | C14: Formulas — do not overwrite; they reference the input/assumption cells.
B15: Important limits — read before using this for real decisions
B16: Screening tool, not final design | C16: This uses the Rational Method and a simplified triangular-hydrograph approximation for pond volume. Dubai Municipality's own guidelines require InfoSWMM (or DM-approved equivalent) hydraulic/hydrograph modelling for actual pond and pumping-station sizing and DM approval. Use this model to prioritise hotspots and get planning-level orders of magnitude; commission a calibrated hydraulic model before committing capital.
B17: Rational Method is capped | C17: Per DM guidelines, the Rational Method is only valid for catchments under 80 hectares. Split larger catchments into sub-catchments, or use a hydrograph method.
B18: Every hardcoded number is sourced | C18: Check the Assumptions sheet and IDF_Dubai sheet notes for the source of every reference figure. Numbers marked ASSUMPTION are placeholders for you to replace with real fleet/operational data.

Sheet Assumptions
B2: Global Assumptions
B3: Yellow = review and adjust. These drive every calculation in Scenario_Calc.
B5: Parameter | C5: Value | D5: Source / basis
B6: Sedimentation allowance factor | C6: 1.05 | D6: DM Stormwater Design Guidelines v2 (Jul 2024), Sec 5.1: ponds/off-line tanks sized 5% larger than the required attenuation volume to allow for sand/sediment deposition.
B7: Hydrograph shape / attenuation factor | C7: 0.5 | D7: ASSUMPTION - simplified triangular-hydrograph approximation of excess-flow volume (0.5 x peak excess flow x duration). Replace with actual SWMM/InfoSWMM routing output before final design; DM Sec 5.8 mandates InfoSWMM (or DM-approved equivalent) for real drainage system modelling.
B8: Target hotspot drawdown / response time (hr) | C8: 2 | D8: ASSUMPTION - the time within which Line 3 (mobile pumps/tankers) should clear the pond shortfall at a hotspot once dispatched. Set to your own operational SLA.
B9: Mobile pump unit capacity (m3/hr) | C9: 300 | D9: ASSUMPTION - typical large trailer-mounted diesel pump (150-200mm bore) throughput. Replace with your actual fleet's rated capacity.
B10: Tanker capacity (m3 per load) | C10: 15 | D10: ASSUMPTION - typical vacuum tanker load size. Replace with your actual fleet's tanker capacity.
B12: Runoff Coefficient Adjustment Factors (Cf)
B13: Source: DM Stormwater Design Guidelines v2, Table 0-6 (after TxDOT, 2011). Applied because infiltration/losses matter proportionally less in higher-return-period storms. C x Cf capped at 1.0 in Scenario_Calc.
B14: Return Period (yr) | C14: Cf
B15: 5 | C15: 1
B16: 10 | C16: 1
B17: 25 | C17: 1.1
B18: 50 | C18: 1.2
B19: 100 | C19: 1.25

Sheet IDF_Dubai
B2: Dubai Rainfall Intensity-Duration-Frequency (IDF) Table
B3: Source: Dubai Municipality, Stormwater Design Guidelines, Doc. DM-WSA-SRPD-SW1, Version 2, July 2024, Table 0-2 ("IDF values for Dubai including the Estimated values"). Intensities in mm/hr.
B4: For sites in the Hatta area, use Table 0-3 of the same document instead (materially higher intensities) - not reproduced here.
A6: Return Period (yr) \ Duration (min) | B6: 5 | C6: 10 | D6: 15 | E6: 20 | F6: 30 | G6: 45 | H6: 60 | I6: 90 | J6: 120 | K6: 180 | L6: 240 | M6: 300 | N6: 360 | O6: 720 | P6: 1440
A7: 2 | B7: 59.9 | C7: 45.22 | D7: 37.15 | E7: 31.1 | F7: 23.57 | G7: 17.44 | H7: 13.87 | I7: 10.22 | J7: 8.18 | K7: 5.92 | L7: 4.73 | M7: 3.96 | N7: 3.38 | O7: 1.93 | P7: 1
A8: 5 | B8: 97.41 | C8: 76.98 | D8: 63.34 | E8: 53.54 | F8: 41.68 | G8: 31.78 | H8: 25.35 | I8: 18.66 | J8: 15.11 | K8: 10.81 | L8: 8.62 | M8: 7.21 | N8: 6.22 | O8: 3.68 | P8: 1.93
A9: 10 | B9: 118 | C9: 97.61 | D9: 80.41 | E9: 68.58 | F9: 54.72 | G9: 42.82 | H9: 34.22 | I9: 25.18 | J9: 20.57 | K9: 14.6 | L9: 11.61 | M9: 9.73 | N9: 8.44 | O9: 5.13 | P9: 2.71
A10: 20 | B10: 131.23 | C10: 115.25 | D10: 95.09 | E10: 82.01 | F10: 67.36 | G10: 54.26 | H10: 43.46 | I10: 31.95 | J10: 26.37 | K10: 18.54 | L10: 14.7 | M10: 12.34 | N10: 10.79 | O10: 6.75 | P10: 3.59
A11: 25 | B11: 133.66 | C11: 120.18 | D11: 99.22 | E11: 85.92 | F11: 71.32 | G11: 58.03 | H11: 46.52 | I11: 34.2 | J11: 28.31 | K11: 19.84 | L11: 15.72 | M11: 13.2 | N11: 11.58 | O11: 7.31 | P11: 3.9
A12: 50 | B12: 169.22 | C12: 152.15 | D12: 125.61 | E12: 108.78 | F12: 90.3 | G12: 73.47 | H12: 58.89 | I12: 43.29 | J12: 35.85 | K12: 25.12 | L12: 19.91 | M12: 16.71 | N12: 14.65 | O12: 9.25 | P12: 4.94
A13: 100 | B13: 209.2 | C13: 188.11 | D13: 155.29 | E13: 134.49 | F13: 111.63 | G13: 90.83 | H13: 72.81 | I13: 53.52 | J13: 44.32 | K13: 31.06 | L13: 24.61 | M13: 20.66 | N13: 18.12 | O13: 11.44 | P13: 6.1

Sheet Hotspots
B2: Hotspot Register
B3: One row per hotspot. Orange rows are EXAMPLES - replace with your own sites. Risk scores are 0 (none) to 3 (severe); Risk Score and Rank are calculated.
A5: Hotspot ID | B5: Location / Description | C5: Catchment Area (ha) | D5: Runoff Coeff C (0-1) | E5: Time of Concentration tc (min) | F5: Network Design Return Period (yr) | G5: Existing Network Capacity Qcap (m3/s) | H5: Available Pond Capacity (m3) | I5: Elevation / Low-point Risk (0-3) | J5: Historical Flooding Risk (0-3) | K5: Distance-to- Outfall Risk (0-3) | L5: Critical Asset Proximity Risk (0-3) | M5: Imperviousness Risk (0-3) | N5: Risk Score | O5: Risk Rank
A6: H1 | B6: EXAMPLE - Underpass at main arterial / low-lying junction | C6: 12 | D6: 0.75 | E6: 20 | F6: 10 | G6: 1.8 | H6: 0 | I6: 3 | J6: 3 | K6: 1 | L6: 3 | M6: 3 | N6: =SUM(I6:M6) -> 13 | O6: =RANK(N6,$N$6:$N$11) -> 1
A7: H2 | B7: EXAMPLE - Residential low point, far from outfall | C7: 35 | D7: 0.45 | E7: 45 | F7: 5 | G7: 2.6 | H7: 4500 | I7: 3 | J7: 2 | K7: 3 | L7: 0 | M7: 1 | N7: =SUM(I7:M7) -> 9 | O7: =RANK(N7,$N$6:$N$11) -> 3
A8: H3 | B8: EXAMPLE - Commercial/downtown catchment near coastline | C8: 22 | D8: 0.85 | E8: 25 | F8: 10 | G8: 3.1 | H8: 8000 | I8: 1 | J8: 1 | K8: 0 | L8: 1 | M8: 3 | N8: =SUM(I8:M8) -> 6 | O8: =RANK(N8,$N$6:$N$11) -> 5
A9: H4 | B9: EXAMPLE - New residential district, sandy soil, gentle slope | C9: 60 | D9: 0.35 | E9: 60 | F9: 5 | G9: 3.4 | H9: 0 | I9: 1 | J9: 0 | K9: 1 | L9: 0 | M9: 0 | N9: =SUM(I9:M9) -> 2 | O9: =RANK(N9,$N$6:$N$11) -> 6
A10: H5 | B10: EXAMPLE - Airport-adjacent culvert catchment | C10: 40 | D10: 0.6 | E10: 30 | F10: 25 | G10: 4 | H10: 6000 | I10: 2 | J10: 1 | K10: 1 | L10: 3 | M10: 2 | N10: =SUM(I10:M10) -> 9 | O10: =RANK(N10,$N$6:$N$11) -> 3
A11: H6 | B11: EXAMPLE - Government building precinct, basement car parks | C11: 8 | D11: 0.8 | E11: 15 | F11: 10 | G11: 1.2 | H11: 2000 | I11: 2 | J11: 2 | K11: 2 | L11: 3 | M11: 2 | N11: =SUM(I11:M11) -> 11 | O11: =RANK(N11,$N$6:$N$11) -> 2
N12: =IF(A12="","",SUM(I12:M12)) | O12: =IF(A12="","",RANK(N12,$N$6:$N$16))
N13: =IF(A13="","",SUM(I13:M13)) | O13: =IF(A13="","",RANK(N13,$N$6:$N$16))
N14: =IF(A14="","",SUM(I14:M14)) | O14: =IF(A14="","",RANK(N14,$N$6:$N$16))
N15: =IF(A15="","",SUM(I15:M15)) | O15: =IF(A15="","",RANK(N15,$N$6:$N$16))
N16: =IF(A16="","",SUM(I16:M16)) | O16: =IF(A16="","",RANK(N16,$N$6:$N$16))

Sheet Scenario_Calc
B2: Scenario Calculator - Pond Volume & Mobile Fleet Sizing per Hotspot x Return Period
B3: Enter each Hotspot ID against each Return Period you want to test (5/10/25/50/100 yr - matching IDF_Dubai rows). All other columns are formulas pulling from Hotspots, IDF_Dubai, and Assumptions.
A5: Hotspot ID | B5: Return Period (yr) | C5: Hotspot Name | D5: tc (min) | E5: Duration Bucket Used (min) | F5: Rainfall Intensity I (mm/hr) | G5: Catchment Area A (ha) | H5: Base Runoff Coeff C | I5: Cf Factor | J5: Adjusted C (C x Cf, capped 1) | K5: Peak Flow Q (m3/s) | L5: Existing Network Capacity Qcap (m3/s) | M5: Excess Flow (m3/s) | N5: Storm Duration (sec) | O5: Hydrograph Shape Factor | P5: Flood Volume (m3) | Q5: Sedimentation Factor | R5: Required Pond Volume (m3) | S5: Available Pond Capacity (m3) | T5: Pond Shortfall (m3) | U5: Drawdown Time (hr) | V5: Residual Flow Rate Needed (m3/hr) | W5: Pump Unit Capacity (m3/hr) | X5: Mobile Pumps Required | Y5: Tanker Capacity (m3) | Z5: Tanker Loads Required
A6: H1 | B6: 5 | C6: =IFERROR(INDEX(Hotspots!$B$6:$B$16,MATCH($A6,Hotspots!$A$6:$A$16,0)),"") -> EXAMPLE - Underpass at main arterial / low-lying junction | D6: =IFERROR(INDEX(Hotspots!$E$6:$E$16,MATCH($A6,Hotspots!$A$6:$A$16,0)),"") -> 20 | E6: =IFERROR(INDEX(IDF_Dubai!$B$6:$P$6,MATCH(D6,IDF_Dubai!$B$6:$P$6,1)),"") -> 20 | F6: =IFERROR(INDEX(IDF_Dubai!$B$7:$P$13,MATCH($B6,IDF_Dubai!$A$7:$A$13,0),MATCH(E6,IDF_Dubai!$B$6:$P$6,1)),"") -> 53.54 | G6: =IFERROR(INDEX(Hotspots!$C$6:$C$16,MATCH($A6,Hotspots!$A$6:$A$16,0)),"") -> 12 | H6: =IFERROR(INDEX(Hotspots!$D$6:$D$16,MATCH($A6,Hotspots!$A$6:$A$16,0)),"") -> 0.75 | I6: =IFERROR(INDEX(Assumptions!$C$15:$C$19,MATCH($B6,Assumptions!$B$15:$B$19,0)),1) -> 1 | J6: =IF(OR(H6="",I6=""),"",MIN(H6*I6,1)) -> 0.75 | K6: =IF(OR(J6="",F6="",G6=""),"",J6*F6*G6/360) -> 1.3385 | L6: =IFERROR(INDEX(Hotspots!$G$6:$G$16,MATCH($A6,Hotspots!$A$6:$A$16,0)),"") -> 1.8 | M6: =IF(OR(K6="",L6=""),"",MAX(0,K6-L6)) -> 0 | N6: =IF(E6="","",E6*60) -> 1200 | O6: =Assumptions!$C$7 -> 0.5 | P6: =IF(OR(M6="",N6=""),"",M6*N6*O6) -> 0 | Q6: =Assumptions!$C$6 -> 1.05 | R6: =IF(P6="","",P6*Q6) -> 0 | S6: =IFERROR(INDEX(Hotspots!$H$6:$H$16,MATCH($A6,Hotspots!$A$6:$A$16,0)),"") -> 0 | T6: =IF(OR(R6="",S6=""),"",MAX(0,R6-S6)) -> 0 | U6: =Assumptions!$C$8 -> 2 | V6: =IF(OR(T6="",U6=0),0,T6/U6) -> 0 | W6: =Assumptions!$C$9 -> 300 | X6: =IF(OR(V6=0,W6=0),0,ROUNDUP(V6/W6,0)) -> 0 | Y6: =Assumptions!$C$10 -> 15 | Z6: =IF(OR(T6="",T6=0),0,ROUNDUP(T6/Y6,0)) -> 0
A7: H1 | B7: 10 | C7: =IFERROR(INDEX(Hotspots!$B$6:$B$16,MATCH($A7,Hotspots!$A$6:$A$16,0)),"") -> EXAMPLE - Underpass at main arterial / low-lying junction | D7: =IFERROR(INDEX(Hotspots!$E$6:$E$16,MATCH($A7,Hotspots!$A$6:$A$16,0)),"") -> 20 | E7: =IFERROR(INDEX(IDF_Dubai!$B$6:$P$6,MATCH(D7,IDF_Dubai!$B$6:$P$6,1)),"") -> 20 | F7: =IFERROR(INDEX(IDF_Dubai!$B$7:$P$13,MATCH($B7,IDF_Dubai!$A$7:$A$13,0),MATCH(E7,IDF_Dubai!$B$6:$P$6,1)),"") -> 68.58 | G7: =IFERROR(INDEX(Hotspots!$C$6:$C$16,MATCH($A7,Hotspots!$A$6:$A$16,0)),"") -> 12 | H7: =IFERROR(INDEX(Hotspots!$D$6:$D$16,MATCH($A7,Hotspots!$A$6:$A$16,0)),"") -> 0.75 | I7: =IFERROR(INDEX(Assumptions!$C$15:$C$19,MATCH($B7,Assumptions!$B$15:$B$19,0)),1) -> 1 | J7: =IF(OR(H7="",I7=""),"",MIN(H7*I7,1)) -> 0.75 | K7: =IF(OR(J7="",F7="",G7=""),"",J7*F7*G7/360) -> 1.7145 | L7: =IFERROR(INDEX(Hotspots!$G$6:$G$16,MATCH($A7,Hotspots!$A$6:$A$16,0)),"") -> 1.8 | M7: =IF(OR(K7="",L7=""),"",MAX(0,K7-L7)) -> 0 | N7: =IF(E7="","",E7*60) -> 1200 | O7: =Assumptions!$C$7 -> 0.5 | P7: =IF(OR(M7="",N7=""),"",M7*N7*O7) -> 0 | Q7: =Assumptions!$C$6 -> 1.05 | R7: =IF(P7="","",P7*Q7) -> 0 | S7: =IFERROR(INDEX(Hotspots!$H$6:$H$16,MATCH($A7,Hotspots!$A$6:$A$16,0)),"") -> 0 | T7: =IF(OR(R7="",S7=""),"",MAX(0,R7-S7)) -> 0 | U7: =Assumptions!$C$8 -> 2 | V7: =IF(OR(T7="",U7=0),0,T7/U7) -> 0 | W7: =Assumptions!$C$9 -> 300 | X7: =IF(OR(V7=0,W7=0),0,ROUNDUP(V7/W7,0)) -> 0 | Y7: =Assumptions!$C$10 -> 15 | Z7: =IF(OR(T7="",T7=0),0,ROUNDUP(T7/Y7,0)) -> 0
A8: H1 | B8: 25 | C8: =IFERROR(INDEX(Hotspots!$B$6:$B$16,MATCH($A8,Hotspots!$A$6:$A$16,0)),"") -> EXAMPLE - Underpass at main arterial / low-lying junction | D8: =IFERROR(INDEX(Hotspots!$E$6:$E$16,MATCH($A8,Hotspots!$A$6:$A$16,0)),"") -> 20 | E8: =IFERROR(INDEX(IDF_Dubai!$B$6:$P$6,MATCH(D8,IDF_Dubai!$B$6:$P$6,1)),"") -> 20 | F8: =IFERROR(INDEX(IDF_Dubai!$B$7:$P$13,MATCH($B8,IDF_Dubai!$A$7:$A$13,0),MATCH(E8,IDF_Dubai!$B$6:$P$6,1)),"") -> 85.92 | G8: =IFERROR(INDEX(Hotspots!$C$6:$C$16,MATCH($A8,Hotspots!$A$6:$A$16,0)),"") -> 12 | H8: =IFERROR(INDEX(Hotspots!$D$6:$D$16,MATCH($A8,Hotspots!$A$6:$A$16,0)),"") -> 0.75 | I8: =IFERROR(INDEX(Assumptions!$C$15:$C$19,MATCH($B8,Assumptions!$B$15:$B$19,0)),1) -> 1.1 | J8: =IF(OR(H8="",I8=""),"",MIN(H8*I8,1)) -> 0.825 | K8: =IF(OR(J8="",F8="",G8=""),"",J8*F8*G8/360) -> 2.3628 | L8: =IFERROR(INDEX(Hotspots!$G$6:$G$16,MATCH($A8,Hotspots!$A$6:$A$16,0)),"") -> 1.8 | M8: =IF(OR(K8="",L8=""),"",MAX(0,K8-L8)) -> 0.5628 | N8: =IF(E8="","",E8*60) -> 1200 | O8: =Assumptions!$C$7 -> 0.5 | P8: =IF(OR(M8="",N8=""),"",M8*N8*O8) -> 337.68 | Q8: =Assumptions!$C$6 -> 1.05 | R8: =IF(P8="","",P8*Q8) -> 354.564 | S8: =IFERROR(INDEX(Hotspots!$H$6:$H$16,MATCH($A8,Hotspots!$A$6:$A$16,0)),"") -> 0 | T8: =IF(OR(R8="",S8=""),"",MAX(0,R8-S8)) -> 354.564 | U8: =Assumptions!$C$8 -> 2 | V8: =IF(OR(T8="",U8=0),0,T8/U8) -> 177.282 | W8: =Assumptions!$C$9 -> 300 | X8: =IF(OR(V8=0,W8=0),0,ROUNDUP(V8/W8,0)) -> 1 | Y8: =Assumptions!$C$10 -> 15 | Z8: =IF(OR(T8="",T8=0),0,ROUNDUP(T8/Y8,0)) -> 24
A9: H1 | B9: 50 | C9: =IFERROR(INDEX(Hotspots!$B$6:$B$16,MATCH($A9,Hotspots!$A$6:$A$16,0)),"") -> EXAMPLE - Underpass at main arterial / low-lying junction | D9: =IFERROR(INDEX(Hotspots!$E$6:$E$16,MATCH($A9,Hotspots!$A$6:$A$16,0)),"") -> 20 | E9: =IFERROR(INDEX(IDF_Dubai!$B$6:$P$6,MATCH(D9,IDF_Dubai!$B$6:$P$6,1)),"") -> 20 | F9: =IFERROR(INDEX(IDF_Dubai!$B$7:$P$13,MATCH($B9,IDF_Dubai!$A$7:$A$13,0),MATCH(E9,IDF_Dubai!$B$6:$P$6,1)),"") -> 108.78 | G9: =IFERROR(INDEX(Hotspots!$C$6:$C$16,MATCH($A9,Hotspots!$A$6:$A$16,0)),"") -> 12 | H9: =IFERROR(INDEX(Hotspots!$D$6:$D$16,MATCH($A9,Hotspots!$A$6:$A$16,0)),"") -> 0.75 | I9: =IFERROR(INDEX(Assumptions!$C$15:$C$19,MATCH($B9,Assumptions!$B$15:$B$19,0)),1) -> 1.2 | J9: =IF(OR(H9="",I9=""),"",MIN(H9*I9,1)) -> 0.9 | K9: =IF(OR(J9="",F9="",G9=""),"",J9*F9*G9/360) -> 3.2634 | L9: =IFERROR(INDEX(Hotspots!$G$6:$G$16,MATCH($A9,Hotspots!$A$6:$A$16,0)),"") -> 1.8 | M9: =IF(OR(K9="",L9=""),"",MAX(0,K9-L9)) -> 1.4634 | N9: =IF(E9="","",E9*60) -> 1200 | O9: =Assumptions!$C$7 -> 0.5 | P9: =IF(OR(M9="",N9=""),"",M9*N9*O9) -> 878.04 | Q9: =Assumptions!$C$6 -> 1.05 | R9: =IF(P9="","",P9*Q9) -> 921.942 | S9: =IFERROR(INDEX(Hotspots!$H$6:$H$16,MATCH($A9,Hotspots!$A$6:$A$16,0)),"") -> 0 | T9: =IF(OR(R9="",S9=""),"",MAX(0,R9-S9)) -> 921.942 | U9: =Assumptions!$C$8 -> 2 | V9: =IF(OR(T9="",U9=0),0,T9/U9) -> 460.971 | W9: =Assumptions!$C$9 -> 300 | X9: =IF(OR(V9=0,W9=0),0,ROUNDUP(V9/W9,0)) -> 2 | Y9: =Assumptions!$C$10 -> 15 | Z9: =IF(OR(T9="",T9=0),0,ROUNDUP(T9/Y9,0)) -> 62
A10: H1 | B10: 100 | C10: =IFERROR(INDEX(Hotspots!$B$6:$B$16,MATCH($A10,Hotspots!$A$6:$A$16,0)),"") -> EXAMPLE - Underpass at main arterial / low-lying junction | D10: =IFERROR(INDEX(Hotspots!$E$6:$E$16,MATCH($A10,Hotspots!$A$6:$A$16,0)),"") -> 20 | E10: =IFERROR(INDEX(IDF_Dubai!$B$6:$P$6,MATCH(D10,IDF_Dubai!$B$6:$P$6,1)),"") -> 20 | F10: =IFERROR(INDEX(IDF_Dubai!$B$7:$P$13,MATCH($B10,IDF_Dubai!$A$7:$A$13,0),MATCH(E10,IDF_Dubai!$B$6:$P$6,1)),"") -> 134.49 | G10: =IFERROR(INDEX(Hotspots!$C$6:$C$16,MATCH($A10,Hotspots!$A$6:$A$16,0)),"") -> 12 | H10: =IFERROR(INDEX(Hotspots!$D$6:$D$16,MATCH($A10,Hotspots!$A$6:$A$16,0)),"") -> 0.75 | I10: =IFERROR(INDEX(Assumptions!$C$15:$C$19,MATCH($B10,Assumptions!$B$15:$B$19,0)),1) -> 1.25 | J10: =IF(OR(H10="",I10=""),"",MIN(H10*I10,1)) -> 0.9375 | K10: =IF(OR(J10="",F10="",G10=""),"",J10*F10*G10/360) -> 4.2028125 | L10: =IFERROR(INDEX(Hotspots!$G$6:$G$16,MATCH($A10,Hotspots!$A$6:$A$16,0)),"") -> 1.8 | M10: =IF(OR(K10="",L10=""),"",MAX(0,K10-L10)) -> 2.4028125 | N10: =IF(E10="","",E10*60) -> 1200 | O10: =Assumptions!$C$7 -> 0.5 | P10: =IF(OR(M10="",N10=""),"",M10*N10*O10) -> 1441.6875 | Q10: =Assumptions!$C$6 -> 1.05 | R10: =IF(P10="","",P10*Q10) -> 1513.7719 | S10: =IFERROR(INDEX(Hotspots!$H$6:$H$16,MATCH($A10,Hotspots!$A$6:$A$16,0)),"") -> 0 | T10: =IF(OR(R10="",S10=""),"",MAX(0,R10-S10)) -> 1513.7719 | U10: =Assumptions!$C$8 -> 2 | V10: =IF(OR(T10="",U10=0),0,T10/U10) -> 756.88594 | W10: =Assumptions!$C$9 -> 300 | X10: =IF(OR(V10=0,W10=0),0,ROUNDUP(V10/W10,0)) -> 3 | Y10: =Assumptions!$C$10 -> 15 | Z10: =IF(OR(T10="",T10=0),0,ROUNDUP(T10/Y10,0)) -> 101
A11: H2 | B11: 5 | C11: =IFERROR(INDEX(Hotspots!$B$6:$B$16,MATCH($A11,Hotspots!$A$6:$A$16,0)),"") -> EXAMPLE - Residential low point, far from outfall | D11: =IFERROR(INDEX(Hotspots!$E$6:$E$16,MATCH($A11,Hotspots!$A$6:$A$16,0)),"") -> 45 | E11: =IFERROR(INDEX(IDF_Dubai!$B$6:$P$6,MATCH(D11,IDF_Dubai!$B$6:$P$6,1)),"") -> 45 | F11: =IFERROR(INDEX(IDF_Dubai!$B$7:$P$13,MATCH($B11,IDF_Dubai!$A$7:$A$13,0),MATCH(E11,IDF_Dubai!$B$6:$P$6,1)),"") -> 31.78 | G11: =IFERROR(INDEX(Hotspots!$C$6:$C$16,MATCH($A11,Hotspots!$A$6:$A$16,0)),"") -> 35 | H11: =IFERROR(INDEX(Hotspots!$D$6:$D$16,MATCH($A11,Hotspots!$A$6:$A$16,0)),"") -> 0.45 | I11: =IFERROR(INDEX(Assumptions!$C$15:$C$19,MATCH($B11,Assumptions!$B$15:$B$19,0)),1) -> 1 | J11: =IF(OR(H11="",I11=""),"",MIN(H11*I11,1)) -> 0.45 | K11: =IF(OR(J11="",F11="",G11=""),"",J11*F11*G11/360) -> 1.390375 | L11: =IFERROR(INDEX(Hotspots!$G$6:$G$16,MATCH($A11,Hotspots!$A$6:$A$16,0)),"") -> 2.6 | M11: =IF(OR(K11="",L11=""),"",MAX(0,K11-L11)) -> 0 | N11: =IF(E11="","",E11*60) -> 2700 | O11: =Assumptions!$C$7 -> 0.5 | P11: =IF(OR(M11="",N11=""),"",M11*N11*O11) -> 0 | Q11: =Assumptions!$C$6 -> 1.05 | R11: =IF(P11="","",P11*Q11) -> 0 | S11: =IFERROR(INDEX(Hotspots!$H$6:$H$16,MATCH($A11,Hotspots!$A$6:$A$16,0)),"") -> 4500 | T11: =IF(OR(R11="",S11=""),"",MAX(0,R11-S11)) -> 0 | U11: =Assumptions!$C$8 -> 2 | V11: =IF(OR(T11="",U11=0),0,T11/U11) -> 0 | W11: =Assumptions!$C$9 -> 300 | X11: =IF(OR(V11=0,W11=0),0,ROUNDUP(V11/W11,0)) -> 0 | Y11: =Assumptions!$C$10 -> 15 | Z11: =IF(OR(T11="",T11=0),0,ROUNDUP(T11/Y11,0)) -> 0
A12: H2 | B12: 10 | C12: =IFERROR(INDEX(Hotspots!$B$6:$B$16,MATCH($A12,Hotspots!$A$6:$A$16,0)),"") -> EXAMPLE - Residential low point, far from outfall | D12: =IFERROR(INDEX(Hotspots!$E$6:$E$16,MATCH($A12,Hotspots!$A$6:$A$16,0)),"") -> 45 | E12: =IFERROR(INDEX(IDF_Dubai!$B$6:$P$6,MATCH(D12,IDF_Dubai!$B$6:$P$6,1)),"") -> 45 | F12: =IFERROR(INDEX(IDF_Dubai!$B$7:$P$13,MATCH($B12,IDF_Dubai!$A$7:$A$13,0),MATCH(E12,IDF_Dubai!$B$6:$P$6,1)),"") -> 42.82 | G12: =IFERROR(INDEX(Hotspots!$C$6:$C$16,MATCH($A12,Hotspots!$A$6:$A$16,0)),"") -> 35 | H12: =IFERROR(INDEX(Hotspots!$D$6:$D$16,MATCH($A12,Hotspots!$A$6:$A$16,0)),"") -> 0.45 | I12: =IFERROR(INDEX(Assumptions!$C$15:$C$19,MATCH($B12,Assumptions!$B$15:$B$19,0)),1) -> 1 | J12: =IF(OR(H12="",I12=""),"",MIN(H12*I12,1)) -> 0.45 | K12: =IF(OR(J12="",F12="",G12=""),"",J12*F12*G12/360) -> 1.873375 | L12: =IFERROR(INDEX(Hotspots!$G$6:$G$16,MATCH($A12,Hotspots!$A$6:$A$16,0)),"") -> 2.6 | M12: =IF(OR(K12="",L12=""),"",MAX(0,K12-L12)) -> 0 | N12: =IF(E12="","",E12*60) -> 2700 | O12: =Assumptions!$C$7 -> 0.5 | P12: =IF(OR(M12="",N12=""),"",M12*N12*O12) -> 0 | Q12: =Assumptions!$C$6 -> 1.05 | R12: =IF(P12="","",P12*Q12) -> 0 | S12: =IFERROR(INDEX(Hotspots!$H$6:$H$16,MATCH($A12,Hotspots!$A$6:$A$16,0)),"") -> 4500 | T12: =IF(OR(R12="",S12=""),"",MAX(0,R12-S12)) -> 0 | U12: =Assumptions!$C$8 -> 2 | V12: =IF(OR(T12="",U12=0),0,T12/U12) -> 0 | W12: =Assumptions!$C$9 -> 300 | X12: =IF(OR(V12=0,W12=0),0,ROUNDUP(V12/W12,0)) -> 0 | Y12: =Assumptions!$C$10 -> 15 | Z12: =IF(OR(T12="",T12=0),0,ROUNDUP(T12/Y12,0)) -> 0
A13: H2 | B13: 25 | C13: =IFERROR(INDEX(Hotspots!$B$6:$B$16,MATCH($A13,Hotspots!$A$6:$A$16,0)),"") -> EXAMPLE - Residential low point, far from outfall | D13: =IFERROR(INDEX(Hotspots!$E$6:$E$16,MATCH($A13,Hotspots!$A$6:$A$16,0)),"") -> 45 | E13: =IFERROR(INDEX(IDF_Dubai!$B$6:$P$6,MATCH(D13,IDF_Dubai!$B$6:$P$6,1)),"") -> 45 | F13: =IFERROR(INDEX(IDF_Dubai!$B$7:$P$13,MATCH($B13,IDF_Dubai!$A$7:$A$13,0),MATCH(E13,IDF_Dubai!$B$6:$P$6,1)),"") -> 58.03 | G13: =IFERROR(INDEX(Hotspots!$C$6:$C$16,MATCH($A13,Hotspots!$A$6:$A$16,0)),"") -> 35 | H13: =IFERROR(INDEX(Hotspots!$D$6:$D$16,MATCH($A13,Hotspots!$A$6:$A$16,0)),"") -> 0.45 | I13: =IFERROR(INDEX(Assumptions!$C$15:$C$19,MATCH($B13,Assumptions!$B$15:$B$19,0)),1) -> 1.1 | J13: =IF(OR(H13="",I13=""),"",MIN(H13*I13,1)) -> 0.495 | K13: =IF(OR(J13="",F13="",G13=""),"",J13*F13*G13/360) -> 2.7926938 | L13: =IFERROR(INDEX(Hotspots!$G$6:$G$16,MATCH($A13,Hotspots!$A$6:$A$16,0)),"") -> 2.6 | M13: =IF(OR(K13="",L13=""),"",MAX(0,K13-L13)) -> 0.19269375 | N13: =IF(E13="","",E13*60) -> 2700 | O13: =Assumptions!$C$7 -> 0.5 | P13: =IF(OR(M13="",N13=""),"",M13*N13*O13) -> 260.13656 | Q13: =Assumptions!$C$6 -> 1.05 | R13: =IF(P13="","",P13*Q13) -> 273.14339 | S13: =IFERROR(INDEX(Hotspots!$H$6:$H$16,MATCH($A13,Hotspots!$A$6:$A$16,0)),"") -> 4500 | T13: =IF(OR(R13="",S13=""),"",MAX(0,R13-S13)) -> 0 | U13: =Assumptions!$C$8 -> 2 | V13: =IF(OR(T13="",U13=0),0,T13/U13) -> 0 | W13: =Assumptions!$C$9 -> 300 | X13: =IF(OR(V13=0,W13=0),0,ROUNDUP(V13/W13,0)) -> 0 | Y13: =Assumptions!$C$10 -> 15 | Z13: =IF(OR(T13="",T13=0),0,ROUNDUP(T13/Y13,0)) -> 0
A14: H2 | B14: 50 | C14: =IFERROR(INDEX(Hotspots!$B$6:$B$16,MATCH($A14,Hotspots!$A$6:$A$16,0)),"") -> EXAMPLE - Residential low point, far from outfall | D14: =IFERROR(INDEX(Hotspots!$E$6:$E$16,MATCH($A14,Hotspots!$A$6:$A$16,0)),"") -> 45 | E14: =IFERROR(INDEX(IDF_Dubai!$B$6:$P$6,MATCH(D14,IDF_Dubai!$B$6:$P$6,1)),"") -> 45 | F14: =IFERROR(INDEX(IDF_Dubai!$B$7:$P$13,MATCH($B14,IDF_Dubai!$A$7:$A$13,0),MATCH(E14,IDF_Dubai!$B$6:$P$6,1)),"") -> 73.47 | G14: =IFERROR(INDEX(Hotspots!$C$6:$C$16,MATCH($A14,Hotspots!$A$6:$A$16,0)),"") -> 35 | H14: =IFERROR(INDEX(Hotspots!$D$6:$D$16,MATCH($A14,Hotspots!$A$6:$A$16,0)),"") -> 0.45 | I14: =IFERROR(INDEX(Assumptions!$C$15:$C$19,MATCH($B14,Assumptions!$B$15:$B$19,0)),1) -> 1.2 | J14: =IF(OR(H14="",I14=""),"",MIN(H14*I14,1)) -> 0.54 | K14: =IF(OR(J14="",F14="",G14=""),"",J14*F14*G14/360) -> 3.857175 | L14: =IFERROR(INDEX(Hotspots!$G$6:$G$16,MATCH($A14,Hotspots!$A$6:$A$16,0)),"") -> 2.6 | M14: =IF(OR(K14="",L14=""),"",MAX(0,K14-L14)) -> 1.257175 | N14: =IF(E14="","",E14*60) -> 2700 | O14: =Assumptions!$C$7 -> 0.5 | P14: =IF(OR(M14="",N14=""),"",M14*N14*O14) -> 1697.1863 | Q14: =Assumptions!$C$6 -> 1.05 | R14: =IF(P14="","",P14*Q14) -> 1782.0456 | S14: =IFERROR(INDEX(Hotspots!$H$6:$H$16,MATCH($A14,Hotspots!$A$6:$A$16,0)),"") -> 4500 | T14: =IF(OR(R14="",S14=""),"",MAX(0,R14-S14)) -> 0 | U14: =Assumptions!$C$8 -> 2 | V14: =IF(OR(T14="",U14=0),0,T14/U14) -> 0 | W14: =Assumptions!$C$9 -> 300 | X14: =IF(OR(V14=0,W14=0),0,ROUNDUP(V14/W14,0)) -> 0 | Y14: =Assumptions!$C$10 -> 15 | Z14: =IF(OR(T14="",T14=0),0,ROUNDUP(T14/Y14,0)) -> 0
A15: H2 | B15: 100 | C15: =IFERROR(INDEX(Hotspots!$B$6:$B$16,MATCH($A15,Hotspots!$A$6:$A$16,0)),"") -> EXAMPLE - Residential low point, far from outfall | D15: =IFERROR(INDEX(Hotspots!$E$6:$E$16,MATCH($A15,Hotspots!$A$6:$A$16,0)),"") -> 45 | E15: =IFERROR(INDEX(IDF_Dubai!$B$6:$P$6,MATCH(D15,IDF_Dubai!$B$6:$P$6,1)),"") -> 45 | F15: =IFERROR(INDEX(IDF_Dubai!$B$7:$P$13,MATCH($B15,IDF_Dubai!$A$7:$A$13,0),MATCH(E15,IDF_Dubai!$B$6:$P$6,1)),"") -> 90.83 | G15: =IFERROR(INDEX(Hotspots!$C$6:$C$16,MATCH($A15,Hotspots!$A$6:$A$16,0)),"") -> 35 | H15: =IFERROR(INDEX(Hotspots!$D$6:$D$16,MATCH($A15,Hotspots!$A$6:$A$16,0)),"") -> 0.45 | I15: =IFERROR(INDEX(Assumptions!$C$15:$C$19,MATCH($B15,Assumptions!$B$15:$B$19,0)),1) -> 1.25 | J15: =IF(OR(H15="",I15=""),"",MIN(H15*I15,1)) -> 0.5625 | K15: =IF(OR(J15="",F15="",G15=""),"",J15*F15*G15/360) -> 4.9672656 | L15: =IFERROR(INDEX(Hotspots!$G$6:$G$16,MATCH($A15,Hotspots!$A$6:$A$16,0)),"") -> 2.6 | M15: =IF(OR(K15="",L15=""),"",MAX(0,K15-L15)) -> 2.3672656 | N15: =IF(E15="","",E15*60) -> 2700 | O15: =Assumptions!$C$7 -> 0.5 | P15: =IF(OR(M15="",N15=""),"",M15*N15*O15) -> 3195.8086 | Q15: =Assumptions!$C$6 -> 1.05 | R15: =IF(P15="","",P15*Q15) -> 3355.599 | S15: =IFERROR(INDEX(Hotspots!$H$6:$H$16,MATCH($A15,Hotspots!$A$6:$A$16,0)),"") -> 4500 | T15: =IF(OR(R15="",S15=""),"",MAX(0,R15-S15)) -> 0 | U15: =Assumptions!$C$8 -> 2 | V15: =IF(OR(T15="",U15=0),0,T15/U15) -> 0 | W15: =Assumptions!$C$9 -> 300 | X15: =IF(OR(V15=0,W15=0),0,ROUNDUP(V15/W15,0)) -> 0 | Y15: =Assumptions!$C$10 -> 15 | Z15: =IF(OR(T15="",T15=0),0,ROUNDUP(T15/Y15,0)) -> 0
A16: H3 | B16: 5 | C16: =IFERROR(INDEX(Hotspots!$B$6:$B$16,MATCH($A16,Hotspots!$A$6:$A$16,0)),"") -> EXAMPLE - Commercial/downtown catchment near coastline | D16: =IFERROR(INDEX(Hotspots!$E$6:$E$16,MATCH($A16,Hotspots!$A$6:$A$16,0)),"") -> 25 | E16: =IFERROR(INDEX(IDF_Dubai!$B$6:$P$6,MATCH(D16,IDF_Dubai!$B$6:$P$6,1)),"") -> 20 | F16: =IFERROR(INDEX(IDF_Dubai!$B$7:$P$13,MATCH($B16,IDF_Dubai!$A$7:$A$13,0),MATCH(E16,IDF_Dubai!$B$6:$P$6,1)),"") -> 53.54 | G16: =IFERROR(INDEX(Hotspots!$C$6:$C$16,MATCH($A16,Hotspots!$A$6:$A$16,0)),"") -> 22 | H16: =IFERROR(INDEX(Hotspots!$D$6:$D$16,MATCH($A16,Hotspots!$A$6:$A$16,0)),"") -> 0.85 | I16: =IFERROR(INDEX(Assumptions!$C$15:$C$19,MATCH($B16,Assumptions!$B$15:$B$19,0)),1) -> 1 | J16: =IF(OR(H16="",I16=""),"",MIN(H16*I16,1)) -> 0.85 | K16: =IF(OR(J16="",F16="",G16=""),"",J16*F16*G16/360) -> 2.7811056 | L16: =IFERROR(INDEX(Hotspots!$G$6:$G$16,MATCH($A16,Hotspots!$A$6:$A$16,0)),"") -> 3.1 | M16: =IF(OR(K16="",L16=""),"",MAX(0,K16-L16)) -> 0 | N16: =IF(E16="","",E16*60) -> 1200 | O16: =Assumptions!$C$7 -> 0.5 | P16: =IF(OR(M16="",N16=""),"",M16*N16*O16) -> 0 | Q16: =Assumptions!$C$6 -> 1.05 | R16: =IF(P16="","",P16*Q16) -> 0 | S16: =IFERROR(INDEX(Hotspots!$H$6:$H$16,MATCH($A16,Hotspots!$A$6:$A$16,0)),"") -> 8000 | T16: =IF(OR(R16="",S16=""),"",MAX(0,R16-S16)) -> 0 | U16: =Assumptions!$C$8 -> 2 | V16: =IF(OR(T16="",U16=0),0,T16/U16) -> 0 | W16: =Assumptions!$C$9 -> 300 | X16: =IF(OR(V16=0,W16=0),0,ROUNDUP(V16/W16,0)) -> 0 | Y16: =Assumptions!$C$10 -> 15 | Z16: =IF(OR(T16="",T16=0),0,ROUNDUP(T16/Y16,0)) -> 0
A17: H3 | B17: 10 | C17: =IFERROR(INDEX(Hotspots!$B$6:$B$16,MATCH($A17,Hotspots!$A$6:$A$16,0)),"") -> EXAMPLE - Commercial/downtown catchment near coastline | D17: =IFERROR(INDEX(Hotspots!$E$6:$E$16,MATCH($A17,Hotspots!$A$6:$A$16,0)),"") -> 25 | E17: =IFERROR(INDEX(IDF_Dubai!$B$6:$P$6,MATCH(D17,IDF_Dubai!$B$6:$P$6,1)),"") -> 20 | F17: =IFERROR(INDEX(IDF_Dubai!$B$7:$P$13,MATCH($B17,IDF_Dubai!$A$7:$A$13,0),MATCH(E17,IDF_Dubai!$B$6:$P$6,1)),"") -> 68.58 | G17: =IFERROR(INDEX(Hotspots!$C$6:$C$16,MATCH($A17,Hotspots!$A$6:$A$16,0)),"") -> 22 | H17: =IFERROR(INDEX(Hotspots!$D$6:$D$16,MATCH($A17,Hotspots!$A$6:$A$16,0)),"") -> 0.85 | I17: =IFERROR(INDEX(Assumptions!$C$15:$C$19,MATCH($B17,Assumptions!$B$15:$B$19,0)),1) -> 1 | J17: =IF(OR(H17="",I17=""),"",MIN(H17*I17,1)) -> 0.85 | K17: =IF(OR(J17="",F17="",G17=""),"",J17*F17*G17/360) -> 3.56235 | L17: =IFERROR(INDEX(Hotspots!$G$6:$G$16,MATCH($A17,Hotspots!$A$6:$A$16,0)),"") -> 3.1 | M17: =IF(OR(K17="",L17=""),"",MAX(0,K17-L17)) -> 0.46235 | N17: =IF(E17="","",E17*60) -> 1200 | O17: =Assumptions!$C$7 -> 0.5 | P17: =IF(OR(M17="",N17=""),"",M17*N17*O17) -> 277.41 | Q17: =Assumptions!$C$6 -> 1.05 | R17: =IF(P17="","",P17*Q17) -> 291.2805 | S17: =IFERROR(INDEX(Hotspots!$H$6:$H$16,MATCH($A17,Hotspots!$A$6:$A$16,0)),"") -> 8000 | T17: =IF(OR(R17="",S17=""),"",MAX(0,R17-S17)) -> 0 | U17: =Assumptions!$C$8 -> 2 | V17: =IF(OR(T17="",U17=0),0,T17/U17) -> 0 | W17: =Assumptions!$C$9 -> 300 | X17: =IF(OR(V17=0,W17=0),0,ROUNDUP(V17/W17,0)) -> 0 | Y17: =Assumptions!$C$10 -> 15 | Z17: =IF(OR(T17="",T17=0),0,ROUNDUP(T17/Y17,0)) -> 0
... A35: H6 | B35: 100 | C35: =IFERROR(INDEX(Hotspots!$B$6:$B$16,MATCH($A35,Hotspots!$A$6:$A$16,0)),"") -> EXAMPLE - Government building precinct, basement car parks | D35: =IFERROR(INDEX(Hotspots!$E$6:$E$16,MATCH($A35,Hotspots!$A$6:$A$16,0)),"") -> 15 | E35: =IFERROR(INDEX(IDF_Dubai!$B$6:$P$6,MATCH(D35,IDF_Dubai!$B$6:$P$6,1)),"") -> 15 | F35: =IFERROR(INDEX(IDF_Dubai!$B$7:$P$13,MATCH($B35,IDF_Dubai!$A$7:$A$13,0),MATCH(E35,IDF_Dubai!$B$6:$P$6,1)),"") -> 155.29 | G35: =IFERROR(INDEX(Hotspots!$C$6:$C$16,MATCH($A35,Hotspots!$A$6:$A$16,0)),"") -> 8 | H35: =IFERROR(INDEX(Hotspots!$D$6:$D$16,MATCH($A35,Hotspots!$A$6:$A$16,0)),"") -> 0.8 | I35: =IFERROR(INDEX(Assumptions!$C$15:$C$19,MATCH($B35,Assumptions!$B$15:$B$19,0)),1) -> 1.25 | J35: =IF(OR(H35="",I35=""),"",MIN(H35*I35,1)) -> 1 | K35: =IF(OR(J35="",F35="",G35=""),"",J35*F35*G35/360) -> 3.4508889 | L35: =IFERROR(INDEX(Hotspots!$G$6:$G$16,MATCH($A35,Hotspots!$A$6:$A$16,0)),"") -> 1.2 | M35: =IF(OR(K35="",L35=""),"",MAX(0,K35-L35)) -> 2.2508889 | N35: =IF(E35="","",E35*60) -> 900 | O35: =Assumptions!$C$7 -> 0.5 | P35: =IF(OR(M35="",N35=""),"",M35*N35*O35) -> 1012.9 | Q35: =Assumptions!$C$6 -> 1.05 | R35: =IF(P35="","",P35*Q35) -> 1063.545 | S35: =IFERROR(INDEX(Hotspots!$H$6:$H$16,MATCH($A35,Hotspots!$A$6:$A$16,0)),"") -> 2000 | T35: =IF(OR(R35="",S35=""),"",MAX(0,R35-S35)) -> 0 | U35: =Assumptions!$C$8 -> 2 | V35: =IF(OR(T35="",U35=0),0,T35/U35) -> 0 | W35: =Assumptions!$C$9 -> 300 | X35: =IF(OR(V35=0,W35=0),0,ROUNDUP(V35/W35,0)) -> 0 | Y35: =Assumptions!$C$10 -> 15 | Z35: =IF(OR(T35="",T35=0),0,ROUNDUP(T35/Y35,0)) -> 0

Sheet Fleet_Summary
B2: Control-Room Fleet Summary - Total Readiness Required per Storm Scenario
B3: Sums Scenario_Calc across all hotspots for each return period - i.e. what the central command/control room should have staged and ready for a storm of that severity across the whole network.
A5: Return Period (yr) | B5: Total Peak Flow Demand (m3/s) | C5: Total Excess Flow (m3/s) | D5: Total Required Pond Volume (m3) | E5: Total Available Pond Volume (m3) | F5: Total Pond Shortfall (m3) | G5: Total Mobile Pumps Required | H5: Total Tanker Loads Required
A6: 5 | B6: =SUMIFS(Scenario_Calc!$K$6:$K$35,Scenario_Calc!$B$6:$B$35,A6) -> 10.893442 | C6: =SUMIFS(Scenario_Calc!$M$6:$M$35,Scenario_Calc!$B$6:$B$35,A6) -> 0 | D6: =SUMIFS(Scenario_Calc!$R$6:$R$35,Scenario_Calc!$B$6:$B$35,A6) -> 0 | E6: =SUMIFS(Scenario_Calc!$S$6:$S$35,Scenario_Calc!$B$6:$B$35,A6) -> 20500 | F6: =SUMIFS(Scenario_Calc!$T$6:$T$35,Scenario_Calc!$B$6:$B$35,A6) -> 0 | G6: =SUMIFS(Scenario_Calc!$X$6:$X$35,Scenario_Calc!$B$6:$B$35,A6) -> 0 | H6: =SUMIFS(Scenario_Calc!$Z$6:$Z$35,Scenario_Calc!$B$6:$B$35,A6) -> 0
A7: 10 | B7: =SUMIFS(Scenario_Calc!$K$6:$K$35,Scenario_Calc!$B$6:$B$35,A7) -> 14.223903 | C7: =SUMIFS(Scenario_Calc!$M$6:$M$35,Scenario_Calc!$B$6:$B$35,A7) -> 0.69186111 | D7: =SUMIFS(Scenario_Calc!$R$6:$R$35,Scenario_Calc!$B$6:$B$35,A7) -> 399.7245 | E7: =SUMIFS(Scenario_Calc!$S$6:$S$35,Scenario_Calc!$B$6:$B$35,A7) -> 20500 | F7: =SUMIFS(Scenario_Calc!$T$6:$T$35,Scenario_Calc!$B$6:$B$35,A7) -> 0 | G7: =SUMIFS(Scenario_Calc!$X$6:$X$35,Scenario_Calc!$B$6:$B$35,A7) -> 0 | H7: =SUMIFS(Scenario_Calc!$Z$6:$Z$35,Scenario_Calc!$B$6:$B$35,A7) -> 0
A8: 25 | B8: =SUMIFS(Scenario_Calc!$K$6:$K$35,Scenario_Calc!$B$6:$B$35,A8) -> 20.220336 | C8: =SUMIFS(Scenario_Calc!$M$6:$M$35,Scenario_Calc!$B$6:$B$35,A8) -> 4.5353026 | D8: =SUMIFS(Scenario_Calc!$R$6:$R$35,Scenario_Calc!$B$6:$B$35,A8) -> 3279.8814 | E8: =SUMIFS(Scenario_Calc!$S$6:$S$35,Scenario_Calc!$B$6:$B$35,A8) -> 20500 | F8: =SUMIFS(Scenario_Calc!$T$6:$T$35,Scenario_Calc!$B$6:$B$35,A8) -> 354.564 | G8: =SUMIFS(Scenario_Calc!$X$6:$X$35,Scenario_Calc!$B$6:$B$35,A8) -> 1 | H8: =SUMIFS(Scenario_Calc!$Z$6:$Z$35,Scenario_Calc!$B$6:$B$35,A8) -> 24
A9: 50 | B9: =SUMIFS(Scenario_Calc!$K$6:$K$35,Scenario_Calc!$B$6:$B$35,A9) -> 27.794222 | C9: =SUMIFS(Scenario_Calc!$M$6:$M$35,Scenario_Calc!$B$6:$B$35,A9) -> 11.694222 | D9: =SUMIFS(Scenario_Calc!$R$6:$R$35,Scenario_Calc!$B$6:$B$35,A9) -> 10049.993 | E9: =SUMIFS(Scenario_Calc!$S$6:$S$35,Scenario_Calc!$B$6:$B$35,A9) -> 20500 | F9: =SUMIFS(Scenario_Calc!$T$6:$T$35,Scenario_Calc!$B$6:$B$35,A9) -> 2287.089 | G9: =SUMIFS(Scenario_Calc!$X$6:$X$35,Scenario_Calc!$B$6:$B$35,A9) -> 5 | H9: =SUMIFS(Scenario_Calc!$Z$6:$Z$35,Scenario_Calc!$B$6:$B$35,A9) -> 154
A10: 100 | B10: =SUMIFS(Scenario_Calc!$K$6:$K$35,Scenario_Calc!$B$6:$B$35,A10) -> 35.451363 | C10: =SUMIFS(Scenario_Calc!$M$6:$M$35,Scenario_Calc!$B$6:$B$35,A10) -> 19.351363 | D10: =SUMIFS(Scenario_Calc!$R$6:$R$35,Scenario_Calc!$B$6:$B$35,A10) -> 17776.772 | E10: =SUMIFS(Scenario_Calc!$S$6:$S$35,Scenario_Calc!$B$6:$B$35,A10) -> 20500 | F10: =SUMIFS(Scenario_Calc!$T$6:$T$35,Scenario_Calc!$B$6:$B$35,A10) -> 5121.9 | G10: =SUMIFS(Scenario_Calc!$X$6:$X$35,Scenario_Calc!$B$6:$B$35,A10) -> 10 | H10: =SUMIFS(Scenario_Calc!$Z$6:$Z$35,Scenario_Calc!$B$6:$B$35,A10) -> 342
B13: Read this as: at a 1-in-100yr event, this is the total number of mobile pumps and tanker loads the control room should be able to mobilise network-wide, on top of whatever the existing network and ponds already absorb.
